JobID|JobName|State|Submit|Start|End|Elapsed|NNodes|AllocTRES|NodeList|ExitCode
5866356|gpu-probe|COMPLETED|2026-08-01T21:43:37|2026-08-01T21:43:51|2026-08-01T21:43:55|00:00:04|1|billing=72,cpu=72,gres/gpu=1,mem=115000M,node=1|nid010864|0:0
5866433|cputest|CANCELLED by 1483807345|2026-08-01T22:11:14|None|2026-08-01T22:13:45|00:00:00|1||None assigned|0:0
5866604|prefetch|FAILED|2026-08-01T22:14:15|2026-08-01T22:15:33|2026-08-01T22:15:34|00:00:01|1|billing=72,cpu=72,gres/gpu=1,mem=115000M,node=1|nid010975|1:0
5866707|prefetch|CANCELLED by 1483807345|2026-08-01T22:17:41|2026-08-01T22:21:18|2026-08-01T22:35:37|00:14:19|1|billing=72,cpu=72,gres/gpu=1,mem=115000M,node=1|nid011295|0:0
5866907|smoke|CANCELLED by 1483807345|2026-08-01T22:23:53|2026-08-01T22:25:03|2026-08-01T22:35:37|00:10:34|1|billing=72,cpu=72,gres/gpu=1,mem=115000M,node=1|nid010104|0:0
5867394|pilot-node|CANCELLED by 1483807345|2026-08-01T23:17:06|None|2026-08-01T23:24:54|00:00:00|1||None assigned|0:0
5867436|interactive|TIMEOUT|2026-08-01T23:25:10|2026-08-02T00:14:08|2026-08-02T01:14:24|01:00:16|1|billing=288,cpu=288,gres/gpu=4,mem=460000M,node=1|nid011065|0:0
5868020|hp-r64_kl0|CANCELLED by 1483807345|2026-08-02T01:48:05|None|2026-08-02T02:22:11|00:00:00|1||None assigned|0:0
5868021|hp-r64_kl0.05|CANCELLED by 1483807345|2026-08-02T01:48:05|None|2026-08-02T02:22:11|00:00:00|1||None assigned|0:0
5868022|hp-r64_kl0.15|CANCELLED by 1483807345|2026-08-02T01:48:06|None|2026-08-02T02:22:11|00:00:00|1||None assigned|0:0
5868023|hp-r128_kl0|CANCELLED by 1483807345|2026-08-02T01:48:06|None|2026-08-02T02:22:11|00:00:00|1||None assigned|0:0
5868024|hp-r128_kl0.05|CANCELLED by 1483807345|2026-08-02T01:48:06|None|2026-08-02T02:22:11|00:00:00|1||None assigned|0:0
5868025|hp-r128_kl0.15|CANCELLED by 1483807345|2026-08-02T01:48:06|None|2026-08-02T02:22:11|00:00:00|1||None assigned|0:0
5868026|hp-r256_kl0|CANCELLED by 1483807345|2026-08-02T01:48:06|None|2026-08-02T02:22:11|00:00:00|1||None assigned|0:0
5868027|hp-r256_kl0.05|CANCELLED by 1483807345|2026-08-02T01:48:06|None|2026-08-02T02:22:11|00:00:00|1||None assigned|0:0
5868028|hp-r256_kl0.15|CANCELLED by 1483807345|2026-08-02T01:48:06|None|2026-08-02T02:22:11|00:00:00|1||None assigned|0:0
5868047|hp-r64_lr3e-6|COMPLETED|2026-08-02T02:23:07|2026-08-02T05:37:29|2026-08-02T08:54:03|03:16:34|1|billing=72,cpu=72,gres/gpu=1,mem=115000M,node=1|nid010125|0:0
5868048|hp-r64_lr1e-5|COMPLETED|2026-08-02T02:23:24|2026-08-02T05:37:29|2026-08-02T08:52:23|03:14:54|1|billing=72,cpu=72,gres/gpu=1,mem=115000M,node=1|nid010132|0:0
5868049|hp-r64_lr3e-5|COMPLETED|2026-08-02T02:23:25|2026-08-02T05:37:29|2026-08-02T08:56:44|03:19:15|1|billing=72,cpu=72,gres/gpu=1,mem=115000M,node=1|nid010133|0:0
5868050|hp-r128_lr3e-6|COMPLETED|2026-08-02T02:23:25|2026-08-02T05:37:29|2026-08-02T09:04:12|03:26:43|1|billing=72,cpu=72,gres/gpu=1,mem=115000M,node=1|nid010133|0:0
5868051|hp-r128_lr1e-5|COMPLETED|2026-08-02T02:23:25|2026-08-02T05:37:29|2026-08-02T09:05:47|03:28:18|1|billing=72,cpu=72,gres/gpu=1,mem=115000M,node=1|nid010135|0:0
5868052|hp-r128_lr3e-5|COMPLETED|2026-08-02T02:23:25|2026-08-02T05:37:29|2026-08-02T09:02:30|03:25:01|1|billing=72,cpu=72,gres/gpu=1,mem=115000M,node=1|nid010135|0:0
5868053|hp-r256_lr3e-6|COMPLETED|2026-08-02T02:23:25|2026-08-02T05:37:29|2026-08-02T09:18:06|03:40:37|1|billing=72,cpu=72,gres/gpu=1,mem=115000M,node=1|nid010140|0:0
5868054|hp-r256_lr1e-5|FAILED|2026-08-02T02:23:25|2026-08-02T05:37:29|2026-08-02T05:39:46|00:02:17|1|billing=72,cpu=72,gres/gpu=1,mem=115000M,node=1|nid010140|1:0
5868055|hp-r256_lr3e-5|CANCELLED by 1483807345|2026-08-02T02:23:25|2026-08-02T05:37:30|2026-08-02T08:54:12|03:16:42|1|billing=72,cpu=72,gres/gpu=1,mem=115000M,node=1|nid010140|0:0
5868915|hp-r256_lr1e-5|COMPLETED|2026-08-02T05:41:03|2026-08-02T05:42:18|2026-08-02T09:11:38|03:29:20|1|billing=72,cpu=72,gres/gpu=1,mem=115000M,node=1|nid010931|0:0
5870736|grpo-full|CANCELLED by 1483807345|2026-08-02T09:42:20|None|2026-08-02T12:32:02|00:00:00|1||None assigned|0:0
5871440|grpo-full-olmo|CANCELLED by 1483807345|2026-08-02T10:48:17|None|2026-08-02T12:32:02|00:00:00|1||None assigned|0:0
5871442|grpo-perlang-qwen|CANCELLED by 1483807345|2026-08-02T10:48:23|None|2026-08-02T12:32:02|00:00:00|1||None assigned|0:0
5871443|grpo-perlang-olmo|CANCELLED by 1483807345|2026-08-02T10:48:23|None|2026-08-02T12:32:02|00:00:00|1||None assigned|0:0
5873046|sched-probe|COMPLETED|2026-08-02T12:28:55|2026-08-02T12:29:23|2026-08-02T12:29:31|00:00:08|1|billing=72,cpu=72,gres/gpu=1,mem=115000M,node=1|nid010796|0:0
5873067|probe-04:00:00|COMPLETED|2026-08-02T12:30:22|2026-08-02T12:30:35|2026-08-02T12:31:01|00:00:26|1|billing=72,cpu=72,gres/gpu=1,mem=115000M,node=1|nid010380|0:0
5873068|probe-08:00:00|COMPLETED|2026-08-02T12:30:22|2026-08-02T12:30:35|2026-08-02T12:31:00|00:00:25|1|billing=72,cpu=72,gres/gpu=1,mem=115000M,node=1|nid010380|0:0
5873069|probe-12:00:00|COMPLETED|2026-08-02T12:30:22|2026-08-02T12:30:35|2026-08-02T12:31:00|00:00:25|1|billing=72,cpu=72,gres/gpu=1,mem=115000M,node=1|nid010380|0:0
5873070|probe-18:00:00|CANCELLED by 1483807345|2026-08-02T12:30:22|None|2026-08-02T12:32:14|00:00:00|1||None assigned|0:0
5873071|probe-23:00:00|CANCELLED by 1483807345|2026-08-02T12:30:22|None|2026-08-02T12:32:02|00:00:00|1||None assigned|0:0
5873092|qwen-full-c1|CANCELLED by 1483807345|2026-08-02T12:32:05|2026-08-02T12:45:33|2026-08-02T19:18:30|06:32:57|1|billing=72,cpu=72,gres/gpu=4,mem=460000M,node=1|nid010798|0:0
5873095|olmo-full-c1|CANCELLED by 1483807345|2026-08-02T12:32:05|2026-08-02T12:45:33|2026-08-02T19:18:30|06:32:57|1|billing=72,cpu=72,gres/gpu=4,mem=460000M,node=1|nid010799|0:0
5873098|qwen-perlang-c1|CANCELLED by 1483807345|2026-08-02T12:32:05|2026-08-02T12:45:33|2026-08-02T12:56:49|00:11:16|1|billing=72,cpu=72,gres/gpu=4,mem=460000M,node=1|nid010801|0:0
5873101|olmo-perlang-c1|CANCELLED by 1483807345|2026-08-02T12:32:05|2026-08-02T12:45:33|2026-08-02T12:56:49|00:11:16|1|billing=72,cpu=72,gres/gpu=4,mem=460000M,node=1|nid010809|0:0
5873114|p4g-defmem|CANCELLED by 1483807345|2026-08-02T12:38:54|None|2026-08-02T12:43:16|00:00:00|1||None assigned|0:0
5873115|p4g-lowmem|CANCELLED by 1483807345|2026-08-02T12:38:55|None|2026-08-02T12:43:16|00:00:00|1||None assigned|0:0
5873116|p2g|CANCELLED by 1483807345|2026-08-02T12:38:57|None|2026-08-02T12:43:16|00:00:00|1||None assigned|0:0
5873120|p1g-again|CANCELLED by 1483807345|2026-08-02T12:40:31|None|2026-08-02T12:43:16|00:00:00|1||None assigned|0:0
5873122|pw-01:00:00|CANCELLED by 1483807345|2026-08-02T12:41:44|None|2026-08-02T12:43:16|00:00:00|1||None assigned|0:0
5873123|pw-03:00:00|CANCELLED by 1483807345|2026-08-02T12:41:44|None|2026-08-02T12:43:16|00:00:00|1||None assigned|0:0
5873124|pw-06:00:00|CANCELLED by 1483807345|2026-08-02T12:41:44|None|2026-08-02T12:43:16|00:00:00|1||None assigned|0:0
5873125|pw-09:00:00|CANCELLED by 1483807345|2026-08-02T12:41:44|None|2026-08-02T12:43:16|00:00:00|1||None assigned|0:0
5873502|dco-baseline|COMPLETED|2026-08-02T13:33:34|2026-08-02T13:34:08|2026-08-02T14:48:18|01:14:10|1|billing=72,cpu=72,gres/gpu=1,mem=115000M,node=1|nid010377|0:0
5873503|dco-baseline|COMPLETED|2026-08-02T13:33:34|2026-08-02T13:34:08|2026-08-02T13:44:32|00:10:24|1|billing=72,cpu=72,gres/gpu=1,mem=115000M,node=1|nid010895|0:0
5873504|dco-baseline|COMPLETED|2026-08-02T13:33:34|2026-08-02T13:34:08|2026-08-02T14:59:38|01:25:30|1|billing=72,cpu=72,gres/gpu=1,mem=115000M,node=1|nid010931|0:0
5874264|eval-qwen-base|COMPLETED|2026-08-02T15:00:11|2026-08-02T15:46:35|2026-08-02T15:50:14|00:03:39|1|billing=72,cpu=72,gres/gpu=1,mem=115000M,node=1|nid010506|0:0
5874265|eval-olmo-base|COMPLETED|2026-08-02T15:00:11|2026-08-02T15:46:35|2026-08-02T15:51:26|00:04:51|1|billing=72,cpu=72,gres/gpu=1,mem=115000M,node=1|nid010507|0:0
5874266|eval-qwen-dco-5k|COMPLETED|2026-08-02T15:00:11|2026-08-02T15:46:35|2026-08-02T15:50:17|00:03:42|1|billing=72,cpu=72,gres/gpu=1,mem=115000M,node=1|nid010333|0:0
5874267|eval-qwen-dco-40k|COMPLETED|2026-08-02T15:00:11|2026-08-02T15:46:35|2026-08-02T15:50:17|00:03:42|1|billing=72,cpu=72,gres/gpu=1,mem=115000M,node=1|nid010333|0:0
5874268|eval-olmo-dco-40k|COMPLETED|2026-08-02T15:00:11|2026-08-02T15:46:35|2026-08-02T15:51:31|00:04:56|1|billing=72,cpu=72,gres/gpu=1,mem=115000M,node=1|nid010333|0:0
5874706|ev-klar-qwen-base|COMPLETED|2026-08-02T15:56:38|2026-08-02T15:57:59|2026-08-02T16:02:20|00:04:21|1|billing=72,cpu=72,gres/gpu=1,mem=115000M,node=1|nid010492|0:0
5874707|ev-klar-olmo-base|COMPLETED|2026-08-02T15:56:38|2026-08-02T15:57:59|2026-08-02T16:03:36|00:05:37|1|billing=72,cpu=72,gres/gpu=1,mem=115000M,node=1|nid010492|0:0
5874708|ev-klar-qwen-dco-40k|COMPLETED|2026-08-02T15:56:38|2026-08-02T15:57:59|2026-08-02T16:01:34|00:03:35|1|billing=72,cpu=72,gres/gpu=1,mem=115000M,node=1|nid010507|0:0
5874709|ev-klar-olmo-dco-40k|COMPLETED|2026-08-02T15:56:38|2026-08-02T15:57:59|2026-08-02T16:02:43|00:04:44|1|billing=72,cpu=72,gres/gpu=1,mem=115000M,node=1|nid010354|0:0
5874710|ev-gmmlu_lite-qwen-base|COMPLETED|2026-08-02T15:56:38|2026-08-02T15:57:59|2026-08-02T16:02:19|00:04:20|1|billing=72,cpu=72,gres/gpu=1,mem=115000M,node=1|nid010391|0:0
5874711|ev-gmmlu_lite-olmo-base|COMPLETED|2026-08-02T15:56:38|2026-08-02T15:57:59|2026-08-02T16:03:41|00:05:42|1|billing=72,cpu=72,gres/gpu=1,mem=115000M,node=1|nid010431|0:0
5874712|ev-gmmlu_lite-qwen-dco-40k|COMPLETED|2026-08-02T15:56:38|2026-08-02T15:57:59|2026-08-02T16:02:18|00:04:19|1|billing=72,cpu=72,gres/gpu=1,mem=115000M,node=1|nid010880|0:0
5874713|ev-gmmlu_lite-olmo-dco-40k|COMPLETED|2026-08-02T15:56:38|2026-08-02T15:57:59|2026-08-02T16:03:42|00:05:43|1|billing=72,cpu=72,gres/gpu=1,mem=115000M,node=1|nid010887|0:0
5874735|ev-klarall-qwen-base|COMPLETED|2026-08-02T15:59:50|2026-08-02T16:00:40|2026-08-02T16:10:21|00:09:41|1|billing=72,cpu=72,gres/gpu=1,mem=115000M,node=1|nid010392|0:0
5874736|ev-klarall-olmo-base|COMPLETED|2026-08-02T15:59:50|2026-08-02T16:00:40|2026-08-02T16:13:33|00:12:53|1|billing=72,cpu=72,gres/gpu=1,mem=115000M,node=1|nid010398|0:0
5874737|ev-klarall-qwen-cmalign|COMPLETED|2026-08-02T15:59:50|2026-08-02T16:00:40|2026-08-02T16:12:38|00:11:58|1|billing=72,cpu=72,gres/gpu=1,mem=115000M,node=1|nid010418|0:0
5874738|ev-klarall-olmo-cmalign|COMPLETED|2026-08-02T15:59:50|2026-08-02T16:00:40|2026-08-02T16:17:23|00:16:43|1|billing=72,cpu=72,gres/gpu=1,mem=115000M,node=1|nid010418|0:0
5874909|ev-bml-qwen-base|COMPLETED|2026-08-02T16:22:46|2026-08-02T16:23:47|2026-08-02T16:29:50|00:06:03|1|billing=72,cpu=72,gres/gpu=1,mem=115000M,node=1|nid010268|0:0
5874911|ev-bml-olmo-base|COMPLETED|2026-08-02T16:22:46|2026-08-02T16:23:47|2026-08-02T16:32:03|00:08:16|1|billing=72,cpu=72,gres/gpu=1,mem=115000M,node=1|nid010268|0:0
5874912|ev-bml-qwen-dco-40k|COMPLETED|2026-08-02T16:22:46|2026-08-02T16:23:47|2026-08-02T16:29:39|00:05:52|1|billing=72,cpu=72,gres/gpu=1,mem=115000M,node=1|nid010311|0:0
5874913|ev-bml-olmo-dco-40k|COMPLETED|2026-08-02T16:22:46|2026-08-02T16:23:47|2026-08-02T16:32:02|00:08:15|1|billing=72,cpu=72,gres/gpu=1,mem=115000M,node=1|nid010398|0:0
5874914|ev-bml-qwen-cmalign|COMPLETED|2026-08-02T16:22:46|2026-08-02T16:23:47|2026-08-02T16:29:49|00:06:02|1|billing=72,cpu=72,gres/gpu=1,mem=115000M,node=1|nid010408|0:0
5874915|ev-bml-olmo-cmalign|COMPLETED|2026-08-02T16:22:46|2026-08-02T16:23:47|2026-08-02T16:32:02|00:08:15|1|billing=72,cpu=72,gres/gpu=1,mem=115000M,node=1|nid010418|0:0
5875060|ev-polyfact-olmo-grpo-attmlp|COMPLETED|2026-08-02T16:52:58|2026-08-02T16:53:58|2026-08-02T16:58:45|00:04:47|1|billing=72,cpu=72,gres/gpu=1,mem=115000M,node=1|nid010330|0:0
5875061|ev-polyfact-qwen-grpo-old|COMPLETED|2026-08-02T16:52:58|2026-08-02T16:53:58|2026-08-02T16:58:18|00:04:20|1|billing=72,cpu=72,gres/gpu=1,mem=115000M,node=1|nid010330|0:0
5875062|ev-gmmlu-olmo-grpo-attmlp|COMPLETED|2026-08-02T16:52:58|2026-08-02T16:53:58|2026-08-02T16:59:17|00:05:19|1|billing=72,cpu=72,gres/gpu=1,mem=115000M,node=1|nid010388|0:0
5875063|ev-gmmlu-qwen-grpo-old|COMPLETED|2026-08-02T16:52:58|2026-08-02T16:53:58|2026-08-02T16:58:38|00:04:40|1|billing=72,cpu=72,gres/gpu=1,mem=115000M,node=1|nid010391|0:0
5875064|ev-bmlama-olmo-grpo-attmlp|COMPLETED|2026-08-02T16:52:58|2026-08-02T16:53:58|2026-08-02T17:01:58|00:08:00|1|billing=72,cpu=72,gres/gpu=1,mem=115000M,node=1|nid010391|0:0
5875065|ev-bmlama-qwen-grpo-old|COMPLETED|2026-08-02T16:52:58|2026-08-02T16:53:58|2026-08-02T17:00:34|00:06:36|1|billing=72,cpu=72,gres/gpu=1,mem=115000M,node=1|nid010392|0:0
5875066|ev-klar6-olmo-grpo-attmlp|COMPLETED|2026-08-02T16:52:58|2026-08-02T16:53:58|2026-08-02T16:58:56|00:04:58|1|billing=72,cpu=72,gres/gpu=1,mem=115000M,node=1|nid010398|0:0
5875067|ev-klar6-qwen-grpo-old|COMPLETED|2026-08-02T16:52:58|2026-08-02T16:53:58|2026-08-02T16:58:34|00:04:36|1|billing=72,cpu=72,gres/gpu=1,mem=115000M,node=1|nid010399|0:0
5875068|ev-klarall-olmo-grpo-attmlp|COMPLETED|2026-08-02T16:52:58|2026-08-02T16:53:58|2026-08-02T17:08:48|00:14:50|1|billing=72,cpu=72,gres/gpu=1,mem=115000M,node=1|nid010399|0:0
5875069|ev-klarall-qwen-grpo-old|COMPLETED|2026-08-02T16:52:58|2026-08-02T16:53:58|2026-08-02T17:03:59|00:10:01|1|billing=72,cpu=72,gres/gpu=1,mem=115000M,node=1|nid010399|0:0
5875137|ev-polyfact-qwen-cmalign|COMPLETED|2026-08-02T17:04:09|2026-08-02T17:05:15|2026-08-02T17:08:48|00:03:33|1|billing=72,cpu=72,gres/gpu=1,mem=115000M,node=1|nid010398|0:0
5875140|ev-polyfact-olmo-cmalign|COMPLETED|2026-08-02T17:04:10|2026-08-02T17:05:15|2026-08-02T17:09:50|00:04:35|1|billing=72,cpu=72,gres/gpu=1,mem=115000M,node=1|nid010399|0:0
5875141|ev-gmmlu-qwen-cmalign|COMPLETED|2026-08-02T17:04:10|2026-08-02T17:05:15|2026-08-02T17:09:03|00:03:48|1|billing=72,cpu=72,gres/gpu=1,mem=115000M,node=1|nid010399|0:0
5875142|ev-gmmlu-olmo-cmalign|COMPLETED|2026-08-02T17:04:10|2026-08-02T17:05:15|2026-08-02T17:10:51|00:05:36|1|billing=72,cpu=72,gres/gpu=1,mem=115000M,node=1|nid010409|0:0
5875143|ev-klar6-qwen-cmalign|COMPLETED|2026-08-02T17:04:11|2026-08-02T17:05:15|2026-08-02T17:09:47|00:04:32|1|billing=72,cpu=72,gres/gpu=1,mem=115000M,node=1|nid010409|0:0
5875144|ev-klar6-olmo-cmalign|COMPLETED|2026-08-02T17:04:11|2026-08-02T17:05:15|2026-08-02T17:10:13|00:04:58|1|billing=72,cpu=72,gres/gpu=1,mem=115000M,node=1|nid010412|0:0
5875190|ev-hunt-olmo-sft|CANCELLED by 1483807345|2026-08-02T17:10:18|2026-08-02T17:11:30|2026-08-02T17:14:29|00:02:59|1|billing=72,cpu=72,gres/gpu=1,mem=115000M,node=1|nid010399|0:0
5875191|ev-hunt-olmo-grpo-alt|COMPLETED|2026-08-02T17:10:18|2026-08-02T17:11:30|2026-08-02T17:26:22|00:14:52|1|billing=72,cpu=72,gres/gpu=1,mem=115000M,node=1|nid010409|0:0
5875192|ev-hunt-olmo-cptgrpo|CANCELLED by 1483807345|2026-08-02T17:10:18|2026-08-02T17:11:30|2026-08-02T17:14:29|00:02:59|1|billing=72,cpu=72,gres/gpu=1,mem=115000M,node=1|nid010409|0:0
5875211|ev-klarall-qwen-dco-40k|COMPLETED|2026-08-02T17:14:17|2026-08-02T17:16:02|2026-08-02T17:27:41|00:11:39|1|billing=72,cpu=72,gres/gpu=1,mem=115000M,node=1|nid011167|0:0
5875213|ev-klarall-olmo-dco-40k|COMPLETED|2026-08-02T17:14:19|2026-08-02T17:16:02|2026-08-02T17:30:11|00:14:09|1|billing=72,cpu=72,gres/gpu=1,mem=115000M,node=1|nid011175|0:0
5875406|ev-polyfact-olmo-grpo-alt|COMPLETED|2026-08-02T17:46:41|2026-08-02T17:47:42|2026-08-02T17:52:40|00:04:58|1|billing=72,cpu=72,gres/gpu=1,mem=115000M,node=1|nid010469|0:0
5875407|ev-bmlama-olmo-grpo-alt|COMPLETED|2026-08-02T17:46:41|2026-08-02T17:47:42|2026-08-02T17:56:06|00:08:24|1|billing=72,cpu=72,gres/gpu=1,mem=115000M,node=1|nid010469|0:0
5875408|ev-gmmlu-olmo-grpo-alt|COMPLETED|2026-08-02T17:46:41|2026-08-02T17:47:42|2026-08-02T17:53:14|00:05:32|1|billing=72,cpu=72,gres/gpu=1,mem=115000M,node=1|nid010469|0:0
5876220_0|merge-grpo|COMPLETED|2026-08-02T19:21:07|2026-08-02T19:22:29|2026-08-02T19:23:43|00:01:14|1|billing=72,cpu=72,gres/gpu=1,mem=115000M,node=1|nid010714|0:0
5876220_1|merge-grpo|COMPLETED|2026-08-02T19:21:07|2026-08-02T19:22:29|2026-08-02T19:23:49|00:01:20|1|billing=72,cpu=72,gres/gpu=1,mem=115000M,node=1|nid010716|0:0
5876221_0|eval-grpo-new|COMPLETED|2026-08-02T19:21:07|2026-08-02T19:25:10|2026-08-02T19:28:42|00:03:32|1|billing=72,cpu=72,gres/gpu=1,mem=115000M,node=1|nid010714|0:0
5876221_1|eval-grpo-new|COMPLETED|2026-08-02T19:21:07|2026-08-02T19:25:11|2026-08-02T19:29:15|00:04:04|1|billing=72,cpu=72,gres/gpu=1,mem=115000M,node=1|nid010716|0:0
5876221_2|eval-grpo-new|COMPLETED|2026-08-02T19:21:07|2026-08-02T19:25:11|2026-08-02T19:26:03|00:00:52|1|billing=72,cpu=72,gres/gpu=1,mem=115000M,node=1|nid010716|0:0
5876221_3|eval-grpo-new|COMPLETED|2026-08-02T19:21:07|2026-08-02T19:25:11|2026-08-02T19:31:19|00:06:08|1|billing=72,cpu=72,gres/gpu=1,mem=115000M,node=1|nid010716|0:0
5876221_4|eval-grpo-new|COMPLETED|2026-08-02T19:21:07|2026-08-02T19:25:11|2026-08-02T19:29:38|00:04:27|1|billing=72,cpu=72,gres/gpu=1,mem=115000M,node=1|nid010717|0:0
5876221_5|eval-grpo-new|COMPLETED|2026-08-02T19:21:07|2026-08-02T19:25:11|2026-08-02T19:30:31|00:05:20|1|billing=72,cpu=72,gres/gpu=1,mem=115000M,node=1|nid010717|0:0
5876221_6|eval-grpo-new|COMPLETED|2026-08-02T19:21:07|2026-08-02T19:25:11|2026-08-02T19:25:54|00:00:43|1|billing=72,cpu=72,gres/gpu=1,mem=115000M,node=1|nid010719|0:0
5876221_7|eval-grpo-new|COMPLETED|2026-08-02T19:21:07|2026-08-02T19:25:11|2026-08-02T19:33:32|00:08:21|1|billing=72,cpu=72,gres/gpu=1,mem=115000M,node=1|nid010758|0:0
5876345_[2,6]|eval-grpo-new|CANCELLED by 1483807345|2026-08-02T19:54:33|None|2026-08-02T20:00:14|00:00:00|1||None assigned|0:0
5876359_2|eval-grpo-new|COMPLETED|2026-08-02T20:00:14|2026-08-02T20:16:55|2026-08-02T20:28:34|00:11:39|1|billing=72,cpu=72,gres/gpu=1,mem=115000M,node=1|nid010981|0:0
5876359_6|eval-grpo-new|COMPLETED|2026-08-02T20:00:14|2026-08-02T20:16:55|2026-08-02T20:33:37|00:16:42|1|billing=72,cpu=72,gres/gpu=1,mem=115000M,node=1|nid010981|0:0
5876381_0|rwd-sweep|CANCELLED by 1483807345|2026-08-02T20:13:24|2026-08-02T20:16:55|2026-08-02T20:18:43|00:01:48|1|billing=72,cpu=72,gres/gpu=1,mem=115000M,node=1|nid010482|0:0
5876381_1|rwd-sweep|CANCELLED by 1483807345|2026-08-02T20:13:24|2026-08-02T20:16:55|2026-08-02T20:18:43|00:01:48|1|billing=72,cpu=72,gres/gpu=1,mem=115000M,node=1|nid010485|0:0
5876381_2|rwd-sweep|CANCELLED by 1483807345|2026-08-02T20:13:24|2026-08-02T20:16:55|2026-08-02T20:18:43|00:01:48|1|billing=72,cpu=72,gres/gpu=1,mem=115000M,node=1|nid010486|0:0
5876381_3|rwd-sweep|CANCELLED by 1483807345|2026-08-02T20:13:24|2026-08-02T20:16:55|2026-08-02T20:18:43|00:01:48|1|billing=72,cpu=72,gres/gpu=1,mem=115000M,node=1|nid010490|0:0
5876381_4|rwd-sweep|CANCELLED by 1483807345|2026-08-02T20:13:24|2026-08-02T20:16:55|2026-08-02T20:18:43|00:01:48|1|billing=72,cpu=72,gres/gpu=1,mem=115000M,node=1|nid010330|0:0
5876381_5|rwd-sweep|CANCELLED by 1483807345|2026-08-02T20:13:24|2026-08-02T20:16:55|2026-08-02T20:18:43|00:01:48|1|billing=72,cpu=72,gres/gpu=1,mem=115000M,node=1|nid010330|0:0
5876381_6|rwd-sweep|CANCELLED by 1483807345|2026-08-02T20:13:24|2026-08-02T20:16:55|2026-08-02T20:18:43|00:01:48|1|billing=72,cpu=72,gres/gpu=1,mem=115000M,node=1|nid010377|0:0
5876381_7|rwd-sweep|CANCELLED by 1483807345|2026-08-02T20:13:24|2026-08-02T20:16:55|2026-08-02T20:18:43|00:01:48|1|billing=72,cpu=72,gres/gpu=1,mem=115000M,node=1|nid010384|0:0
5876552_0|rwd-sweep|CANCELLED by 1483807345|2026-08-02T20:18:57|2026-08-02T20:19:25|2026-08-02T20:20:18|00:00:53|1|billing=72,cpu=72,gres/gpu=1,mem=115000M,node=1|nid010982|0:0
5876552_1|rwd-sweep|CANCELLED by 1483807345|2026-08-02T20:18:57|2026-08-02T20:19:25|2026-08-02T20:20:18|00:00:53|1|billing=72,cpu=72,gres/gpu=1,mem=115000M,node=1|nid010982|0:0
5876552_2|rwd-sweep|CANCELLED by 1483807345|2026-08-02T20:18:57|2026-08-02T20:19:26|2026-08-02T20:20:18|00:00:52|1|billing=72,cpu=72,gres/gpu=1,mem=115000M,node=1|nid010482|0:0
5876552_3|rwd-sweep|CANCELLED by 1483807345|2026-08-02T20:18:57|2026-08-02T20:19:26|2026-08-02T20:20:18|00:00:52|1|billing=72,cpu=72,gres/gpu=1,mem=115000M,node=1|nid010485|0:0
5876552_4|rwd-sweep|CANCELLED by 1483807345|2026-08-02T20:18:57|2026-08-02T20:19:26|2026-08-02T20:20:18|00:00:52|1|billing=72,cpu=72,gres/gpu=1,mem=115000M,node=1|nid010486|0:0
5876552_5|rwd-sweep|CANCELLED by 1483807345|2026-08-02T20:18:57|2026-08-02T20:19:26|2026-08-02T20:20:18|00:00:52|1|billing=72,cpu=72,gres/gpu=1,mem=115000M,node=1|nid010490|0:0
5876552_6|rwd-sweep|CANCELLED by 1483807345|2026-08-02T20:18:57|2026-08-02T20:19:26|2026-08-02T20:20:18|00:00:52|1|billing=72,cpu=72,gres/gpu=1,mem=115000M,node=1|nid010504|0:0
5876625_0|rwd-sweep|COMPLETED|2026-08-02T20:28:44|2026-08-02T20:30:15|2026-08-02T23:52:28|03:22:13|1|billing=72,cpu=72,gres/gpu=1,mem=115000M,node=1|nid010403|0:0
5876625_1|rwd-sweep|COMPLETED|2026-08-02T20:28:44|2026-08-02T20:30:15|2026-08-02T23:55:22|03:25:07|1|billing=72,cpu=72,gres/gpu=1,mem=115000M,node=1|nid010403|0:0
5876625_2|rwd-sweep|COMPLETED|2026-08-02T20:28:44|2026-08-02T20:30:15|2026-08-02T23:55:23|03:25:08|1|billing=72,cpu=72,gres/gpu=1,mem=115000M,node=1|nid010403|0:0
5876625_3|rwd-sweep|COMPLETED|2026-08-02T20:28:44|2026-08-02T20:30:15|2026-08-02T20:34:59|00:04:44|1|billing=72,cpu=72,gres/gpu=1,mem=115000M,node=1|nid010408|0:0
5876625_4|rwd-sweep|COMPLETED|2026-08-02T20:28:44|2026-08-02T20:30:15|2026-08-02T20:34:57|00:04:42|1|billing=72,cpu=72,gres/gpu=1,mem=115000M,node=1|nid010408|0:0
5876625_5|rwd-sweep|COMPLETED|2026-08-02T20:28:44|2026-08-02T20:30:15|2026-08-02T20:37:36|00:07:21|1|billing=72,cpu=72,gres/gpu=1,mem=115000M,node=1|nid010411|0:0
5876625_6|rwd-sweep|COMPLETED|2026-08-02T20:28:44|2026-08-02T20:30:15|2026-08-02T23:53:56|03:23:41|1|billing=72,cpu=72,gres/gpu=1,mem=115000M,node=1|nid010411|0:0
5876778|cmalign-dpo|FAILED|2026-08-02T20:36:47|2026-08-02T20:39:25|2026-08-03T00:44:22|04:04:57|1|billing=72,cpu=72,gres/gpu=1,mem=115000M,node=1|nid010955|1:0
5876779|cmalign-dpo|FAILED|2026-08-02T20:37:00|2026-08-02T20:39:25|2026-08-02T20:40:56|00:01:31|1|billing=72,cpu=72,gres/gpu=1,mem=115000M,node=1|nid010955|1:0
5876937_3|rwd-sweep|CANCELLED by 1483807345|2026-08-02T20:55:32|2026-08-02T21:36:40|2026-08-02T21:54:02|00:17:22|1|billing=72,cpu=72,gres/gpu=1,mem=115000M,node=1|nid010398|0:0
5876937_4|rwd-sweep|CANCELLED by 1483807345|2026-08-02T20:55:32|2026-08-02T21:36:40|2026-08-02T21:54:02|00:17:22|1|billing=72,cpu=72,gres/gpu=1,mem=115000M,node=1|nid010398|0:0
5876937_5|rwd-sweep|CANCELLED by 1483807345|2026-08-02T20:55:32|2026-08-02T21:36:40|2026-08-02T21:54:02|00:17:22|1|billing=72,cpu=72,gres/gpu=1,mem=115000M,node=1|nid010399|0:0
5876938|cmalign-dpo|CANCELLED by 1483807345|2026-08-02T20:55:41|None|2026-08-02T20:55:51|00:00:00|1||None assigned|0:0
5876939|cmalign-dpo|FAILED|2026-08-02T20:55:51|2026-08-02T21:36:40|2026-08-02T21:38:51|00:02:11|1|billing=72,cpu=72,gres/gpu=1,mem=115000M,node=1|nid010406|1:0
5877230|cmalign-dpo|FAILED|2026-08-02T21:40:11|2026-08-02T21:40:30|2026-08-02T21:41:48|00:01:18|1|billing=72,cpu=72,gres/gpu=1,mem=115000M,node=1|nid010414|1:0
5877234|cmalign-dpo|CANCELLED by 1483807345|2026-08-02T21:40:31|None|2026-08-03T00:47:11|00:00:00|1||None assigned|0:0
5877386_3|rwd-sweep|COMPLETED|2026-08-02T21:55:24|2026-08-02T21:55:50|2026-08-03T01:50:27|03:54:37|1|billing=72,cpu=72,gres/gpu=1,mem=115000M,node=1|nid010510|0:0
5877386_4|rwd-sweep|COMPLETED|2026-08-02T21:55:24|2026-08-02T21:55:50|2026-08-03T01:44:15|03:48:25|1|billing=72,cpu=72,gres/gpu=1,mem=115000M,node=1|nid010510|0:0
5877386_5|rwd-sweep|COMPLETED|2026-08-02T21:55:24|2026-08-02T21:55:50|2026-08-03T01:38:18|03:42:28|1|billing=72,cpu=72,gres/gpu=1,mem=115000M,node=1|nid010524|0:0
5877536_0|olmo-clip|COMPLETED|2026-08-02T22:07:56|2026-08-02T22:08:32|2026-08-03T00:55:47|02:47:15|1|billing=72,cpu=72,gres/gpu=1,mem=115000M,node=1|nid010713|0:0
5877536_1|olmo-clip|COMPLETED|2026-08-02T22:07:56|2026-08-02T22:08:32|2026-08-03T00:58:14|02:49:42|1|billing=72,cpu=72,gres/gpu=1,mem=115000M,node=1|nid010714|0:0
5878501|nettest|COMPLETED|2026-08-02T22:50:46|2026-08-02T22:51:45|2026-08-02T22:51:52|00:00:07|1|billing=72,cpu=72,mem=460000M,node=1|nid010882|0:0
5878535|xs-de-data|CANCELLED by 1483807345|2026-08-02T22:53:56|2026-08-02T22:53:59|2026-08-02T23:01:20|00:07:21|1|billing=72,cpu=72,mem=460000M,node=1|nid010804|0:0
5878561|xs-container|COMPLETED|2026-08-02T22:54:55|2026-08-02T22:55:01|2026-08-02T23:01:09|00:06:08|1|billing=72,cpu=72,mem=460000M,node=1|nid011058|0:0
5878647|xs-de-data|COMPLETED|2026-08-02T23:02:49|2026-08-02T23:03:32|2026-08-02T23:50:39|00:47:07|1|billing=72,cpu=72,mem=460000M,node=1|nid011060|0:0
5878655|xs-runtime-setup|COMPLETED|2026-08-02T23:03:46|2026-08-02T23:04:34|2026-08-02T23:06:13|00:01:39|1|billing=72,cpu=72,gres/gpu=1,mem=115000M,node=1|nid011141|0:0
5878886|grpo-full-v2|CANCELLED by 1483807345|2026-08-02T23:21:36|None|2026-08-02T23:22:50|00:00:00|1||None assigned|0:0
5878887|grpo-full-v2|CANCELLED by 1483807345|2026-08-02T23:21:36|None|2026-08-02T23:22:50|00:00:00|1||None assigned|0:0
5879085_0|ladder-pilot|COMPLETED|2026-08-02T23:23:39|2026-08-02T23:24:17|2026-08-03T02:47:00|03:22:43|1|billing=72,cpu=72,gres/gpu=1,mem=115000M,node=1|nid011031|0:0
5879085_1|ladder-pilot|COMPLETED|2026-08-02T23:23:39|2026-08-02T23:24:17|2026-08-03T02:11:43|02:47:26|1|billing=72,cpu=72,gres/gpu=1,mem=115000M,node=1|nid011032|0:0
5879419_0|eval-sweep-finals|COMPLETED|2026-08-02T23:55:48|2026-08-02T23:56:37|2026-08-03T00:01:25|00:04:48|1|billing=72,cpu=72,gres/gpu=1,mem=115000M,node=1|nid011043|0:0
5879419_1|eval-sweep-finals|COMPLETED|2026-08-02T23:55:48|2026-08-02T23:56:37|2026-08-03T00:01:25|00:04:48|1|billing=72,cpu=72,gres/gpu=1,mem=115000M,node=1|nid011043|0:0
5879419_2|eval-sweep-finals|COMPLETED|2026-08-02T23:55:48|2026-08-02T23:56:37|2026-08-03T00:01:25|00:04:48|1|billing=72,cpu=72,gres/gpu=1,mem=115000M,node=1|nid010709|0:0
5879419_6|eval-sweep-finals|COMPLETED|2026-08-02T23:55:48|2026-08-02T23:56:37|2026-08-03T00:00:54|00:04:17|1|billing=72,cpu=72,gres/gpu=1,mem=115000M,node=1|nid010719|0:0
5879495_0|eval-sweep-finals|COMPLETED|2026-08-03T00:03:09|2026-08-03T00:03:50|2026-08-03T00:14:08|00:10:18|1|billing=72,cpu=72,gres/gpu=1,mem=115000M,node=1|nid010859|0:0
5879495_1|eval-sweep-finals|COMPLETED|2026-08-03T00:03:09|2026-08-03T00:03:50|2026-08-03T00:14:08|00:10:18|1|billing=72,cpu=72,gres/gpu=1,mem=115000M,node=1|nid010333|0:0
5879495_2|eval-sweep-finals|COMPLETED|2026-08-03T00:03:09|2026-08-03T00:03:50|2026-08-03T00:13:41|00:09:51|1|billing=72,cpu=72,gres/gpu=1,mem=115000M,node=1|nid010403|0:0
5879495_6|eval-sweep-finals|COMPLETED|2026-08-03T00:03:09|2026-08-03T00:03:50|2026-08-03T00:14:43|00:10:53|1|billing=72,cpu=72,gres/gpu=1,mem=115000M,node=1|nid010435|0:0
5879753|cmalign-dpo|CANCELLED by 1483807345|2026-08-03T00:47:11|None|2026-08-03T00:47:39|00:00:00|1||None assigned|0:0
5879754|de__unigram_starved|COMPLETED|2026-08-03T00:47:29|2026-08-03T02:22:27|2026-08-03T11:58:23|09:35:56|2|billing=144,cpu=144,gres/gpu=8,mem=920000M,node=2|nid[010882-010883]|0:0
5879755|cmalign-dpo|TIMEOUT|2026-08-03T00:48:05|2026-08-03T02:24:49|2026-08-03T10:25:07|08:00:18|1|billing=72,cpu=72,gres/gpu=1,mem=115000M,node=1|nid010214|0:0
5879759_7|eval-sweep-finals|COMPLETED|2026-08-03T00:58:45|2026-08-03T02:24:49|2026-08-03T02:31:02|00:06:13|1|billing=72,cpu=72,gres/gpu=1,mem=115000M,node=1|nid010214|0:0
5879759_8|eval-sweep-finals|COMPLETED|2026-08-03T00:58:45|2026-08-03T02:24:49|2026-08-03T02:31:02|00:06:13|1|billing=72,cpu=72,gres/gpu=1,mem=115000M,node=1|nid010552|0:0
5879760_7|eval-sweep-finals|COMPLETED|2026-08-03T00:58:46|2026-08-03T02:24:49|2026-08-03T02:42:53|00:18:04|1|billing=72,cpu=72,gres/gpu=1,mem=115000M,node=1|nid011275|0:0
5879760_8|eval-sweep-finals|COMPLETED|2026-08-03T00:58:46|2026-08-03T02:24:49|2026-08-03T02:41:18|00:16:29|1|billing=72,cpu=72,gres/gpu=1,mem=115000M,node=1|nid011275|0:0
5879968|grpo-full-v2|CANCELLED by 1483807345|2026-08-03T01:30:09|None|2026-08-03T01:33:38|00:00:00|1||None assigned|0:0
5879969|grpo-full-v2|CANCELLED by 1483807345|2026-08-03T01:30:09|None|2026-08-03T01:33:38|00:00:00|1||None assigned|0:0
5880205_9|eval-sweep-finals|COMPLETED|2026-08-03T02:47:43|2026-08-03T02:58:18|2026-08-03T03:03:13|00:04:55|1|billing=72,cpu=72,gres/gpu=1,mem=115000M,node=1|nid010318|0:0
5880207_9|eval-sweep-finals|COMPLETED|2026-08-03T02:47:56|2026-08-03T02:58:18|2026-08-03T03:10:23|00:12:05|1|billing=72,cpu=72,gres/gpu=1,mem=115000M,node=1|nid010318|0:0
5880261|grpo-full-v2|CANCELLED by 1483807345|2026-08-03T03:13:15|None|2026-08-03T03:41:52|00:00:00|1||None assigned|0:0
5880262|grpo-full-v2|CANCELLED by 1483807345|2026-08-03T03:13:15|None|2026-08-03T03:29:29|00:00:00|1||None assigned|0:0
5880509|push-hf|FAILED|2026-08-03T03:17:44|2026-08-03T04:17:11|2026-08-03T04:18:10|00:00:59|1|billing=72,cpu=72,gres/gpu=1,mem=115000M,node=1|nid010482|1:0
5880517|grpo-full-v2|CANCELLED by 1483807345|2026-08-03T03:29:31|None|2026-08-03T03:29:53|00:00:00|1||None assigned|0:0
5880519|grpo-full-v2|CANCELLED by 1483807345|2026-08-03T03:30:06|None|2026-08-03T03:41:52|00:00:00|1||None assigned|0:0
5880523_[0-4]|final-grpo|CANCELLED by 1483807345|2026-08-03T03:41:58|None|2026-08-03T03:44:48|00:00:00|1||None assigned|0:0
5880527|dco-baseline|CANCELLED by 1483807345|2026-08-03T03:43:46|None|2026-08-03T03:44:48|00:00:00|1||None assigned|0:0
5880528|dco-baseline|CANCELLED by 1483807345|2026-08-03T03:43:46|None|2026-08-03T03:44:48|00:00:00|1||None assigned|0:0
5880529|cmalign-dpo|CANCELLED by 1483807345|2026-08-03T03:43:46|None|2026-08-03T03:44:48|00:00:00|1||None assigned|0:0
5880530|cmalign-dpo|CANCELLED by 1483807345|2026-08-03T03:43:46|None|2026-08-03T03:44:48|00:00:00|1||None assigned|0:0
5880533|dco-baseline|COMPLETED|2026-08-03T03:44:58|2026-08-03T04:17:11|2026-08-03T04:34:45|00:17:34|1|billing=72,cpu=72,gres/gpu=1,mem=115000M,node=1|nid010486|0:0
5880534|dco-baseline|COMPLETED|2026-08-03T03:44:58|2026-08-03T04:17:11|2026-08-03T04:41:29|00:24:18|1|billing=72,cpu=72,gres/gpu=1,mem=115000M,node=1|nid010486|0:0
5880535|cmalign-dpo|TIMEOUT|2026-08-03T03:44:58|2026-08-03T04:17:11|2026-08-03T10:17:17|06:00:06|1|billing=72,cpu=72,gres/gpu=1,mem=115000M,node=1|nid010486|0:0
5880536|cmalign-dpo|FAILED|2026-08-03T03:44:58|2026-08-03T04:17:11|2026-08-03T04:18:44|00:01:33|1|billing=72,cpu=72,gres/gpu=1,mem=115000M,node=1|nid010491|1:0
5880532_0|final-grpo|CANCELLED by 1483807345|2026-08-03T03:44:58|2026-08-03T05:51:51|2026-08-03T13:03:56|07:12:05|1|billing=72,cpu=72,gres/gpu=1,mem=115000M,node=1|nid011204|0:0
5880532_1|final-grpo|TIMEOUT|2026-08-03T03:44:58|2026-08-03T05:51:51|2026-08-04T04:52:14|23:00:23|1|billing=72,cpu=72,gres/gpu=1,mem=115000M,node=1|nid011204|0:0
5880532_2|final-grpo|COMPLETED|2026-08-03T03:44:58|2026-08-03T05:51:51|2026-08-04T03:37:46|21:45:55|1|billing=72,cpu=72,gres/gpu=1,mem=115000M,node=1|nid011205|0:0
5880532_3|final-grpo|CANCELLED by 1483807345|2026-08-03T03:44:58|2026-08-03T05:57:55|2026-08-03T12:21:14|06:23:19|1|billing=72,cpu=72,gres/gpu=1,mem=115000M,node=1|nid010877|0:0
5880532_4|final-grpo|TIMEOUT|2026-08-03T03:44:58|2026-08-03T06:03:01|2026-08-04T05:03:25|23:00:24|1|billing=72,cpu=72,gres/gpu=1,mem=115000M,node=1|nid010310|0:0
5880678|push-hf|COMPLETED|2026-08-03T04:21:24|2026-08-03T05:50:43|2026-08-03T05:53:03|00:02:20|1|billing=72,cpu=72,gres/gpu=1,mem=115000M,node=1|nid010486|0:0
5880679|cmalign-dpo|COMPLETED|2026-08-03T04:21:24|2026-08-03T06:03:01|2026-08-03T14:46:32|08:43:31|1|billing=72,cpu=72,gres/gpu=1,mem=115000M,node=1|nid010391|0:0
5880711_11|eval-sweep-finals|COMPLETED|2026-08-03T04:36:02|2026-08-03T05:50:43|2026-08-03T05:54:08|00:03:25|1|billing=72,cpu=72,gres/gpu=1,mem=115000M,node=1|nid010491|0:0
5880711_12|eval-sweep-finals|COMPLETED|2026-08-03T04:36:02|2026-08-03T05:50:43|2026-08-03T05:55:37|00:04:54|1|billing=72,cpu=72,gres/gpu=1,mem=115000M,node=1|nid010491|0:0
5880712_11|eval-sweep-finals|COMPLETED|2026-08-03T04:36:15|2026-08-03T05:50:43|2026-08-03T06:00:48|00:10:05|1|billing=72,cpu=72,gres/gpu=1,mem=115000M,node=1|nid010498|0:0
5880712_12|eval-sweep-finals|COMPLETED|2026-08-03T04:36:15|2026-08-03T05:50:43|2026-08-03T06:04:07|00:13:24|1|billing=72,cpu=72,gres/gpu=1,mem=115000M,node=1|nid010504|0:0
5884764|cmalign-dpo|COMPLETED|2026-08-03T10:22:06|2026-08-03T10:22:21|2026-08-03T11:27:08|01:04:47|1|billing=72,cpu=72,gres/gpu=1,mem=115000M,node=1|nid010507|0:0
5884832|cmalign-dpo|COMPLETED|2026-08-03T10:26:51|2026-08-03T10:27:40|2026-08-03T12:01:48|01:34:08|1|billing=72,cpu=72,gres/gpu=1,mem=115000M,node=1|nid011225|0:0
5886788_13|eval-sweep-finals|COMPLETED|2026-08-03T11:37:33|2026-08-03T11:38:10|2026-08-03T11:42:06|00:03:56|1|billing=72,cpu=72,gres/gpu=1,mem=115000M,node=1|nid010463|0:0
5886789_13|eval-sweep-finals|COMPLETED|2026-08-03T11:37:33|2026-08-03T11:38:10|2026-08-03T11:47:48|00:09:38|1|billing=72,cpu=72,gres/gpu=1,mem=115000M,node=1|nid010463|0:0
5888153_16|eval-sweep-finals|COMPLETED|2026-08-03T12:22:16|2026-08-03T12:23:45|2026-08-03T12:28:18|00:04:33|1|billing=72,cpu=72,gres/gpu=1,mem=115000M,node=1|nid011262|0:0
5888155_16|eval-sweep-finals|COMPLETED|2026-08-03T12:22:19|2026-08-03T12:23:45|2026-08-03T12:35:04|00:11:19|1|billing=72,cpu=72,gres/gpu=1,mem=115000M,node=1|nid011262|0:0
5888198|ladder-clip1|COMPLETED|2026-08-03T12:25:28|2026-08-03T12:26:21|2026-08-04T05:48:27|17:22:06|1|billing=72,cpu=72,gres/gpu=1,mem=115000M,node=1|nid010105|0:0
5888339_0|eval-sweep-finals|COMPLETED|2026-08-03T12:37:43|2026-08-03T12:45:48|2026-08-03T12:52:43|00:06:55|1|billing=72,cpu=72,gres/gpu=1,mem=115000M,node=1|nid011184|0:0
5888339_1|eval-sweep-finals|COMPLETED|2026-08-03T12:37:43|2026-08-03T12:45:48|2026-08-03T12:52:24|00:06:36|1|billing=72,cpu=72,gres/gpu=1,mem=115000M,node=1|nid011205|0:0
5888339_6|eval-sweep-finals|COMPLETED|2026-08-03T12:37:43|2026-08-03T12:45:48|2026-08-03T12:52:42|00:06:54|1|billing=72,cpu=72,gres/gpu=1,mem=115000M,node=1|nid010017|0:0
5888339_11|eval-sweep-finals|COMPLETED|2026-08-03T12:37:43|2026-08-03T12:45:48|2026-08-03T12:52:01|00:06:13|1|billing=72,cpu=72,gres/gpu=1,mem=115000M,node=1|nid010017|0:0
5888339_13|eval-sweep-finals|COMPLETED|2026-08-03T12:37:43|2026-08-03T12:45:48|2026-08-03T12:52:01|00:06:13|1|billing=72,cpu=72,gres/gpu=1,mem=115000M,node=1|nid010035|0:0
5888605|xs-upload-de|COMPLETED|2026-08-03T12:53:27|2026-08-03T12:55:58|2026-08-03T13:06:44|00:10:46|1|billing=72,cpu=72,mem=460000M,node=1|nid010934|0:0
5888747|main-clip2|CANCELLED by 1483807345|2026-08-03T13:04:26|2026-08-03T13:05:07|2026-08-03T14:00:49|00:55:42|1|billing=72,cpu=72,gres/gpu=1,mem=115000M,node=1|nid010415|0:0
5889477|val-subset|COMPLETED|2026-08-03T13:35:45|2026-08-03T13:35:54|2026-08-03T13:43:25|00:07:31|1|billing=72,cpu=72,gres/gpu=1,mem=115000M,node=1|nid010141|0:0
5889576_1|eval-sweep-finals|COMPLETED|2026-08-03T13:40:36|2026-08-03T13:40:43|2026-08-03T13:46:14|00:05:31|1|billing=72,cpu=72,gres/gpu=1,mem=115000M,node=1|nid010506|0:0
5889576_8|eval-sweep-finals|COMPLETED|2026-08-03T13:40:36|2026-08-03T13:40:43|2026-08-03T13:47:57|00:07:14|1|billing=72,cpu=72,gres/gpu=1,mem=115000M,node=1|nid010506|0:0
5889576_11|eval-sweep-finals|COMPLETED|2026-08-03T13:40:36|2026-08-03T13:40:43|2026-08-03T13:45:28|00:04:45|1|billing=72,cpu=72,gres/gpu=1,mem=115000M,node=1|nid010510|0:0
5889576_12|eval-sweep-finals|COMPLETED|2026-08-03T13:40:36|2026-08-03T13:40:43|2026-08-03T13:46:57|00:06:14|1|billing=72,cpu=72,gres/gpu=1,mem=115000M,node=1|nid010510|0:0
5889576_13|eval-sweep-finals|COMPLETED|2026-08-03T13:40:36|2026-08-03T13:40:43|2026-08-03T13:45:26|00:04:43|1|billing=72,cpu=72,gres/gpu=1,mem=115000M,node=1|nid010515|0:0
5889577_8|eval-sweep-finals|COMPLETED|2026-08-03T13:40:38|2026-08-03T13:41:50|2026-08-03T13:51:23|00:09:33|1|billing=72,cpu=72,gres/gpu=1,mem=115000M,node=1|nid010971|0:0
5889577_12|eval-sweep-finals|COMPLETED|2026-08-03T13:40:38|2026-08-03T13:41:50|2026-08-03T13:49:54|00:08:04|1|billing=72,cpu=72,gres/gpu=1,mem=115000M,node=1|nid011225|0:0
5889706_0|eval-paper|COMPLETED|2026-08-03T13:45:25|2026-08-03T13:46:57|2026-08-03T13:55:28|00:08:31|1|billing=72,cpu=72,gres/gpu=1,mem=115000M,node=1|nid010568|0:0
5889706_1|eval-paper|COMPLETED|2026-08-03T13:45:25|2026-08-03T13:46:57|2026-08-03T13:57:29|00:10:32|1|billing=72,cpu=72,gres/gpu=1,mem=115000M,node=1|nid010583|0:0
5889706_2|eval-paper|COMPLETED|2026-08-03T13:45:25|2026-08-03T13:46:57|2026-08-03T13:55:28|00:08:31|1|billing=72,cpu=72,gres/gpu=1,mem=115000M,node=1|nid010354|0:0
5889706_3|eval-paper|COMPLETED|2026-08-03T13:45:25|2026-08-03T13:46:57|2026-08-03T13:55:28|00:08:31|1|billing=72,cpu=72,gres/gpu=1,mem=115000M,node=1|nid010380|0:0
5889706_4|eval-paper|COMPLETED|2026-08-03T13:45:25|2026-08-03T13:46:57|2026-08-03T13:53:56|00:06:59|1|billing=72,cpu=72,gres/gpu=1,mem=115000M,node=1|nid010439|0:0
5889706_5|eval-paper|COMPLETED|2026-08-03T13:45:25|2026-08-03T13:46:57|2026-08-03T13:53:40|00:06:43|1|billing=72,cpu=72,gres/gpu=1,mem=115000M,node=1|nid011127|0:0
5889706_6|eval-paper|COMPLETED|2026-08-03T13:45:25|2026-08-03T13:46:57|2026-08-03T13:53:58|00:07:01|1|billing=72,cpu=72,gres/gpu=1,mem=115000M,node=1|nid011179|0:0
5889706_7|eval-paper|COMPLETED|2026-08-03T13:45:25|2026-08-03T13:46:57|2026-08-03T13:53:58|00:07:01|1|billing=72,cpu=72,gres/gpu=1,mem=115000M,node=1|nid011184|0:0
5889708_0|eval-paper|COMPLETED|2026-08-03T13:45:28|2026-08-03T13:46:57|2026-08-03T13:51:25|00:04:28|1|billing=72,cpu=72,gres/gpu=1,mem=115000M,node=1|nid011195|0:0
5889708_1|eval-paper|COMPLETED|2026-08-03T13:45:28|2026-08-03T13:46:57|2026-08-03T13:51:33|00:04:36|1|billing=72,cpu=72,gres/gpu=1,mem=115000M,node=1|nid010017|0:0
5889708_2|eval-paper|COMPLETED|2026-08-03T13:45:28|2026-08-03T13:46:57|2026-08-03T13:51:36|00:04:39|1|billing=72,cpu=72,gres/gpu=1,mem=115000M,node=1|nid010017|0:0
5889708_3|eval-paper|COMPLETED|2026-08-03T13:45:28|2026-08-03T13:46:57|2026-08-03T13:51:30|00:04:33|1|billing=72,cpu=72,gres/gpu=1,mem=115000M,node=1|nid010035|0:0
5889708_4|eval-paper|COMPLETED|2026-08-03T13:45:28|2026-08-03T13:46:57|2026-08-03T13:51:34|00:04:37|1|billing=72,cpu=72,gres/gpu=1,mem=115000M,node=1|nid010040|0:0
5889708_5|eval-paper|COMPLETED|2026-08-03T13:45:28|2026-08-03T13:46:57|2026-08-03T13:51:26|00:04:29|1|billing=72,cpu=72,gres/gpu=1,mem=115000M,node=1|nid010040|0:0
5889708_6|eval-paper|COMPLETED|2026-08-03T13:45:28|2026-08-03T13:46:57|2026-08-03T13:51:40|00:04:43|1|billing=72,cpu=72,gres/gpu=1,mem=115000M,node=1|nid010040|0:0
5889708_7|eval-paper|COMPLETED|2026-08-03T13:45:28|2026-08-03T13:46:57|2026-08-03T13:51:34|00:04:37|1|billing=72,cpu=72,gres/gpu=1,mem=115000M,node=1|nid010061|0:0
5889711_0|eval-paper|COMPLETED|2026-08-03T13:45:28|2026-08-03T13:46:57|2026-08-03T14:02:07|00:15:10|1|billing=72,cpu=72,gres/gpu=1,mem=115000M,node=1|nid010093|0:0
5889711_1|eval-paper|COMPLETED|2026-08-03T13:45:28|2026-08-03T13:46:57|2026-08-03T14:04:05|00:17:08|1|billing=72,cpu=72,gres/gpu=1,mem=115000M,node=1|nid010093|0:0
5889711_2|eval-paper|COMPLETED|2026-08-03T13:45:28|2026-08-03T13:46:57|2026-08-03T14:00:36|00:13:39|1|billing=72,cpu=72,gres/gpu=1,mem=115000M,node=1|nid010097|0:0
5889711_3|eval-paper|COMPLETED|2026-08-03T13:45:28|2026-08-03T13:46:57|2026-08-03T13:59:30|00:12:33|1|billing=72,cpu=72,gres/gpu=1,mem=115000M,node=1|nid010104|0:0
5889711_4|eval-paper|COMPLETED|2026-08-03T13:45:28|2026-08-03T13:46:57|2026-08-03T13:58:02|00:11:05|1|billing=72,cpu=72,gres/gpu=1,mem=115000M,node=1|nid010106|0:0
5889711_5|eval-paper|COMPLETED|2026-08-03T13:45:28|2026-08-03T13:46:57|2026-08-03T13:59:31|00:12:34|1|billing=72,cpu=72,gres/gpu=1,mem=115000M,node=1|nid010106|0:0
5889711_6|eval-paper|COMPLETED|2026-08-03T13:45:28|2026-08-03T13:46:57|2026-08-03T13:59:42|00:12:45|1|billing=72,cpu=72,gres/gpu=1,mem=115000M,node=1|nid010107|0:0
5889711_7|eval-paper|COMPLETED|2026-08-03T13:45:28|2026-08-03T13:46:57|2026-08-03T13:59:25|00:12:28|1|billing=72,cpu=72,gres/gpu=1,mem=115000M,node=1|nid010107|0:0
5889956|main-ep1|COMPLETED|2026-08-03T14:08:29|2026-08-03T14:56:43|2026-08-04T06:45:42|15:48:59|1|billing=72,cpu=72,gres/gpu=1,mem=115000M,node=1|nid010863|0:0
5890118|cpt-dco-qwen|COMPLETED|2026-08-03T14:36:09|2026-08-03T14:56:44|2026-08-03T15:21:42|00:24:58|1|billing=72,cpu=72,gres/gpu=1,mem=115000M,node=1|nid010316|0:0
5890119|cpt-dco-olmo|COMPLETED|2026-08-03T14:36:09|2026-08-03T14:56:44|2026-08-03T15:23:05|00:26:21|1|billing=72,cpu=72,gres/gpu=1,mem=115000M,node=1|nid010316|0:0
5890122_8|eval-paper|COMPLETED|2026-08-03T14:36:28|2026-08-03T14:56:44|2026-08-03T15:02:16|00:05:32|1|billing=72,cpu=72,gres/gpu=1,mem=115000M,node=1|nid010319|0:0
5890123_8|eval-paper|COMPLETED|2026-08-03T14:36:28|2026-08-03T14:56:44|2026-08-03T15:10:56|00:14:12|1|billing=72,cpu=72,gres/gpu=1,mem=115000M,node=1|nid010568|0:0
5890124_8|eval-paper|COMPLETED|2026-08-03T14:36:28|2026-08-03T14:56:44|2026-08-03T15:03:43|00:06:59|1|billing=72,cpu=72,gres/gpu=1,mem=115000M,node=1|nid010579|0:0
5890125_8|eval-paper|COMPLETED|2026-08-03T14:36:28|2026-08-03T14:56:44|2026-08-03T15:05:36|00:08:52|1|billing=72,cpu=72,gres/gpu=1,mem=115000M,node=1|nid010583|0:0
5891686_[17-18]|eval-sweep-finals|CANCELLED by 1483807345|2026-08-03T16:41:48|None|2026-08-03T16:50:29|00:00:00|1||None assigned|0:0
5891687_[17-18]|eval-sweep-finals|CANCELLED by 1483807345|2026-08-03T16:41:48|None|2026-08-03T16:50:29|00:00:00|1||None assigned|0:0
5891688_[17-18]|eval-sweep-finals|CANCELLED by 1483807345|2026-08-03T16:41:48|None|2026-08-03T16:50:29|00:00:00|1||None assigned|0:0
5891689_[17-18]|eval-sweep-finals|CANCELLED by 1483807345|2026-08-03T16:41:48|None|2026-08-03T16:50:29|00:00:00|1||None assigned|0:0
5891874_17|eval-sweep-finals|COMPLETED|2026-08-03T16:50:29|2026-08-03T16:58:15|2026-08-03T17:01:53|00:03:38|1|billing=72,cpu=72,gres/gpu=1,mem=100G,node=1|nid011318|0:0
5891874_18|eval-sweep-finals|COMPLETED|2026-08-03T16:50:29|2026-08-03T16:58:15|2026-08-03T17:03:10|00:04:55|1|billing=72,cpu=72,gres/gpu=1,mem=100G,node=1|nid010230|0:0
5891875_17|eval-sweep-finals|COMPLETED|2026-08-03T16:50:29|2026-08-03T16:58:15|2026-08-03T17:09:00|00:10:45|1|billing=72,cpu=72,gres/gpu=1,mem=100G,node=1|nid010230|0:0
5891875_18|eval-sweep-finals|COMPLETED|2026-08-03T16:50:29|2026-08-03T16:58:15|2026-08-03T17:12:43|00:14:28|1|billing=72,cpu=72,gres/gpu=1,mem=100G,node=1|nid010230|0:0
5891876_17|eval-sweep-finals|COMPLETED|2026-08-03T16:50:29|2026-08-03T16:58:15|2026-08-03T17:03:00|00:04:45|1|billing=72,cpu=72,gres/gpu=1,mem=100G,node=1|nid010230|0:0
5891876_18|eval-sweep-finals|COMPLETED|2026-08-03T16:50:29|2026-08-03T16:58:15|2026-08-03T17:04:27|00:06:12|1|billing=72,cpu=72,gres/gpu=1,mem=100G,node=1|nid010231|0:0
5891877_17|eval-sweep-finals|COMPLETED|2026-08-03T16:50:30|2026-08-03T16:58:15|2026-08-03T17:04:24|00:06:09|1|billing=72,cpu=72,gres/gpu=1,mem=100G,node=1|nid010231|0:0
5891877_18|eval-sweep-finals|COMPLETED|2026-08-03T16:50:30|2026-08-03T16:58:15|2026-08-03T17:06:26|00:08:11|1|billing=72,cpu=72,gres/gpu=1,mem=100G,node=1|nid010231|0:0
5892206_14|eval-sweep-finals|COMPLETED|2026-08-03T17:16:25|2026-08-03T17:17:13|2026-08-03T17:22:17|00:05:04|1|billing=72,cpu=72,gres/gpu=1,mem=100G,node=1|nid011308|0:0
5892207_14|eval-sweep-finals|COMPLETED|2026-08-03T17:16:25|2026-08-03T17:17:13|2026-08-03T17:31:46|00:14:33|1|billing=72,cpu=72,gres/gpu=1,mem=100G,node=1|nid011308|0:0
5892208_14|eval-sweep-finals|COMPLETED|2026-08-03T17:16:25|2026-08-03T17:17:13|2026-08-03T17:23:43|00:06:30|1|billing=72,cpu=72,gres/gpu=1,mem=100G,node=1|nid011308|0:0
5892209_14|eval-sweep-finals|COMPLETED|2026-08-03T17:16:25|2026-08-03T17:17:13|2026-08-03T17:25:44|00:08:31|1|billing=72,cpu=72,gres/gpu=1,mem=100G,node=1|nid011308|0:0
5893233_0|sft-10k|CANCELLED by 1483807345|2026-08-03T18:10:15|2026-08-03T18:10:55|2026-08-03T18:41:43|00:30:48|1|billing=72,cpu=72,gres/gpu=1,mem=100G,node=1|nid011150|0:0
5893233_1|sft-10k|CANCELLED by 1483807345|2026-08-03T18:10:15|2026-08-03T18:10:55|2026-08-03T18:41:43|00:30:48|1|billing=72,cpu=72,gres/gpu=1,mem=100G,node=1|nid010349|0:0
5893233_2|sft-10k|CANCELLED by 1483807345|2026-08-03T18:10:15|2026-08-03T18:10:55|2026-08-03T18:41:43|00:30:48|1|billing=72,cpu=72,gres/gpu=1,mem=100G,node=1|nid010364|0:0
5893233_3|sft-10k|CANCELLED by 1483807345|2026-08-03T18:10:15|2026-08-03T18:10:55|2026-08-03T18:41:43|00:30:48|1|billing=72,cpu=72,gres/gpu=1,mem=100G,node=1|nid010384|0:0
5893392_0|sft-10k|COMPLETED|2026-08-03T18:42:15|2026-08-03T19:00:40|2026-08-03T20:28:56|01:28:16|1|billing=72,cpu=72,gres/gpu=1,mem=100G,node=1|nid010406|0:0
5893392_1|sft-10k|COMPLETED|2026-08-03T18:42:15|2026-08-03T19:00:40|2026-08-03T20:09:41|01:09:01|1|billing=72,cpu=72,gres/gpu=1,mem=100G,node=1|nid010411|0:0
5893392_2|sft-10k|COMPLETED|2026-08-03T18:42:15|2026-08-03T19:00:40|2026-08-03T20:26:02|01:25:22|1|billing=72,cpu=72,gres/gpu=1,mem=100G,node=1|nid010411|0:0
5893392_3|sft-10k|COMPLETED|2026-08-03T18:42:15|2026-08-03T19:00:40|2026-08-03T20:03:30|01:02:50|1|billing=72,cpu=72,gres/gpu=1,mem=100G,node=1|nid010411|0:0
5894305_19|eval-sweep-finals|COMPLETED|2026-08-03T19:34:34|2026-08-03T20:34:17|2026-08-03T20:38:51|00:04:34|1|billing=72,cpu=72,gres/gpu=1,mem=100G,node=1|nid010469|0:0
5894305_20|eval-sweep-finals|COMPLETED|2026-08-03T19:34:34|2026-08-03T20:34:17|2026-08-03T20:40:43|00:06:26|1|billing=72,cpu=72,gres/gpu=1,mem=100G,node=1|nid010479|0:0
5894305_21|eval-sweep-finals|COMPLETED|2026-08-03T19:34:34|2026-08-03T20:34:17|2026-08-03T20:40:41|00:06:24|1|billing=72,cpu=72,gres/gpu=1,mem=100G,node=1|nid010479|0:0
5894305_22|eval-sweep-finals|COMPLETED|2026-08-03T19:34:34|2026-08-03T20:34:17|2026-08-03T20:39:17|00:05:00|1|billing=72,cpu=72,gres/gpu=1,mem=100G,node=1|nid010483|0:0
5894305_23|eval-sweep-finals|COMPLETED|2026-08-03T19:34:34|2026-08-03T20:34:17|2026-08-03T20:39:17|00:05:00|1|billing=72,cpu=72,gres/gpu=1,mem=100G,node=1|nid010483|0:0
5894306_19|eval-sweep-finals|COMPLETED|2026-08-03T19:34:37|2026-08-03T20:34:17|2026-08-03T20:45:43|00:11:26|1|billing=72,cpu=72,gres/gpu=1,mem=100G,node=1|nid010483|0:0
5894306_20|eval-sweep-finals|COMPLETED|2026-08-03T19:34:37|2026-08-03T20:34:17|2026-08-03T20:49:46|00:15:29|1|billing=72,cpu=72,gres/gpu=1,mem=100G,node=1|nid010483|0:0
5894306_21|eval-sweep-finals|COMPLETED|2026-08-03T19:34:37|2026-08-03T20:34:17|2026-08-03T20:49:07|00:14:50|1|billing=72,cpu=72,gres/gpu=1,mem=100G,node=1|nid010486|0:0
5894306_22|eval-sweep-finals|COMPLETED|2026-08-03T19:34:37|2026-08-03T20:34:17|2026-08-03T20:45:22|00:11:05|1|billing=72,cpu=72,gres/gpu=1,mem=100G,node=1|nid010486|0:0
5894306_23|eval-sweep-finals|COMPLETED|2026-08-03T19:34:37|2026-08-03T20:34:17|2026-08-03T20:44:17|00:10:00|1|billing=72,cpu=72,gres/gpu=1,mem=100G,node=1|nid010486|0:0
5894307_19|eval-sweep-finals|COMPLETED|2026-08-03T19:34:37|2026-08-03T20:34:18|2026-08-03T20:39:54|00:05:36|1|billing=72,cpu=72,gres/gpu=1,mem=100G,node=1|nid010486|0:0
5894307_20|eval-sweep-finals|COMPLETED|2026-08-03T19:34:37|2026-08-03T20:34:18|2026-08-03T20:41:20|00:07:02|1|billing=72,cpu=72,gres/gpu=1,mem=100G,node=1|nid010491|0:0
5894307_21|eval-sweep-finals|COMPLETED|2026-08-03T19:34:37|2026-08-03T20:34:18|2026-08-03T20:41:35|00:07:17|1|billing=72,cpu=72,gres/gpu=1,mem=100G,node=1|nid010491|0:0
5894307_22|eval-sweep-finals|COMPLETED|2026-08-03T19:34:37|2026-08-03T20:34:18|2026-08-03T20:40:10|00:05:52|1|billing=72,cpu=72,gres/gpu=1,mem=100G,node=1|nid010491|0:0
5894307_23|eval-sweep-finals|COMPLETED|2026-08-03T19:34:37|2026-08-03T20:34:18|2026-08-03T20:40:22|00:06:04|1|billing=72,cpu=72,gres/gpu=1,mem=100G,node=1|nid010501|0:0
5894308_19|eval-sweep-finals|COMPLETED|2026-08-03T19:34:37|2026-08-03T20:34:18|2026-08-03T20:41:43|00:07:25|1|billing=72,cpu=72,gres/gpu=1,mem=100G,node=1|nid010501|0:0
5894308_20|eval-sweep-finals|COMPLETED|2026-08-03T19:34:37|2026-08-03T20:34:18|2026-08-03T20:44:04|00:09:46|1|billing=72,cpu=72,gres/gpu=1,mem=100G,node=1|nid010501|0:0
5894308_21|eval-sweep-finals|COMPLETED|2026-08-03T19:34:37|2026-08-03T20:34:18|2026-08-03T20:43:38|00:09:20|1|billing=72,cpu=72,gres/gpu=1,mem=100G,node=1|nid010504|0:0
5894308_22|eval-sweep-finals|COMPLETED|2026-08-03T19:34:37|2026-08-03T20:34:18|2026-08-03T20:41:35|00:07:17|1|billing=72,cpu=72,gres/gpu=1,mem=100G,node=1|nid010504|0:0
5894308_23|eval-sweep-finals|COMPLETED|2026-08-03T19:34:37|2026-08-03T20:34:18|2026-08-03T20:41:24|00:07:06|1|billing=72,cpu=72,gres/gpu=1,mem=100G,node=1|nid010504|0:0
5895477|probe-eos|COMPLETED|2026-08-03T21:09:23|2026-08-03T21:11:13|2026-08-03T21:13:24|00:02:11|1|billing=72,cpu=72,gres/gpu=1,mem=115000M,node=1|nid010101|0:0
5895532_1|eval-sweep-finals|COMPLETED|2026-08-03T21:20:07|2026-08-03T22:07:13|2026-08-03T22:21:30|00:14:17|1|billing=72,cpu=72,gres/gpu=1,mem=100G,node=1|nid011240|0:0
5895532_8|eval-sweep-finals|COMPLETED|2026-08-03T21:20:07|2026-08-03T22:07:13|2026-08-03T22:22:59|00:15:46|1|billing=72,cpu=72,gres/gpu=1,mem=100G,node=1|nid011240|0:0
5895532_19|eval-sweep-finals|COMPLETED|2026-08-03T21:20:07|2026-08-03T22:07:13|2026-08-03T22:17:59|00:10:46|1|billing=72,cpu=72,gres/gpu=1,mem=100G,node=1|nid011241|0:0
5895532_20|eval-sweep-finals|COMPLETED|2026-08-03T21:20:07|2026-08-03T22:07:13|2026-08-03T22:22:46|00:15:33|1|billing=72,cpu=72,gres/gpu=1,mem=100G,node=1|nid011241|0:0
5895532_21|eval-sweep-finals|COMPLETED|2026-08-03T21:20:07|2026-08-03T22:07:13|2026-08-03T22:22:44|00:15:31|1|billing=72,cpu=72,gres/gpu=1,mem=100G,node=1|nid011241|0:0
5895532_22|eval-sweep-finals|COMPLETED|2026-08-03T21:20:07|2026-08-03T22:07:13|2026-08-03T22:18:10|00:10:57|1|billing=72,cpu=72,gres/gpu=1,mem=100G,node=1|nid011241|0:0
5895532_23|eval-sweep-finals|COMPLETED|2026-08-03T21:20:07|2026-08-03T22:07:13|2026-08-03T22:17:29|00:10:16|1|billing=72,cpu=72,gres/gpu=1,mem=100G,node=1|nid011242|0:0
5895555_24|eval-sweep-finals|COMPLETED|2026-08-03T21:39:38|2026-08-03T22:07:21|2026-08-03T22:11:06|00:03:45|1|billing=72,cpu=72,gres/gpu=1,mem=100G,node=1|nid011294|0:0
5895555_25|eval-sweep-finals|COMPLETED|2026-08-03T21:39:38|2026-08-03T22:07:21|2026-08-03T22:12:17|00:04:56|1|billing=72,cpu=72,gres/gpu=1,mem=100G,node=1|nid011295|0:0
5895555_26|eval-sweep-finals|COMPLETED|2026-08-03T21:39:38|2026-08-03T22:07:21|2026-08-03T22:10:56|00:03:35|1|billing=72,cpu=72,gres/gpu=1,mem=100G,node=1|nid011300|0:0
5895555_27|eval-sweep-finals|COMPLETED|2026-08-03T21:39:38|2026-08-03T22:07:21|2026-08-03T22:12:11|00:04:50|1|billing=72,cpu=72,gres/gpu=1,mem=100G,node=1|nid011300|0:0
5895556_24|eval-sweep-finals|COMPLETED|2026-08-03T21:39:47|2026-08-03T22:07:21|2026-08-03T22:16:57|00:09:36|1|billing=72,cpu=72,gres/gpu=1,mem=100G,node=1|nid011300|0:0
5895556_25|eval-sweep-finals|COMPLETED|2026-08-03T21:39:47|2026-08-03T22:07:21|2026-08-03T22:20:55|00:13:34|1|billing=72,cpu=72,gres/gpu=1,mem=100G,node=1|nid011303|0:0
5895556_26|eval-sweep-finals|COMPLETED|2026-08-03T21:39:47|2026-08-03T22:07:21|2026-08-03T22:16:26|00:09:05|1|billing=72,cpu=72,gres/gpu=1,mem=100G,node=1|nid011303|0:0
5895556_27|eval-sweep-finals|COMPLETED|2026-08-03T21:39:47|2026-08-03T22:07:21|2026-08-03T22:21:45|00:14:24|1|billing=72,cpu=72,gres/gpu=1,mem=100G,node=1|nid011303|0:0
5895557_24|eval-sweep-finals|COMPLETED|2026-08-03T21:39:47|2026-08-03T22:07:21|2026-08-03T22:12:08|00:04:47|1|billing=72,cpu=72,gres/gpu=1,mem=100G,node=1|nid011304|0:0
5895557_25|eval-sweep-finals|COMPLETED|2026-08-03T21:39:47|2026-08-03T22:07:21|2026-08-03T22:13:41|00:06:20|1|billing=72,cpu=72,gres/gpu=1,mem=100G,node=1|nid011304|0:0
5895557_26|eval-sweep-finals|COMPLETED|2026-08-03T21:39:47|2026-08-03T22:07:21|2026-08-03T22:12:08|00:04:47|1|billing=72,cpu=72,gres/gpu=1,mem=100G,node=1|nid011304|0:0
5895557_27|eval-sweep-finals|COMPLETED|2026-08-03T21:39:47|2026-08-03T22:07:21|2026-08-03T22:13:38|00:06:17|1|billing=72,cpu=72,gres/gpu=1,mem=100G,node=1|nid011304|0:0
5895558_24|eval-sweep-finals|COMPLETED|2026-08-03T21:39:47|2026-08-03T22:07:21|2026-08-03T22:13:21|00:06:00|1|billing=72,cpu=72,gres/gpu=1,mem=100G,node=1|nid011306|0:0
5895558_25|eval-sweep-finals|COMPLETED|2026-08-03T21:39:47|2026-08-03T22:07:21|2026-08-03T22:15:44|00:08:23|1|billing=72,cpu=72,gres/gpu=1,mem=100G,node=1|nid011306|0:0
5895558_26|eval-sweep-finals|COMPLETED|2026-08-03T21:39:47|2026-08-03T22:07:21|2026-08-03T22:13:20|00:05:59|1|billing=72,cpu=72,gres/gpu=1,mem=100G,node=1|nid011308|0:0
5895558_27|eval-sweep-finals|COMPLETED|2026-08-03T21:39:47|2026-08-03T22:07:21|2026-08-03T22:15:44|00:08:23|1|billing=72,cpu=72,gres/gpu=1,mem=100G,node=1|nid011308|0:0
5895559|olmo-1500|COMPLETED|2026-08-03T21:40:21|2026-08-03T22:07:21|2026-08-04T02:08:03|04:00:42|1|billing=72,cpu=72,gres/gpu=1,mem=100G,node=1|nid011308|0:0
5896764_11|eval-sweep-finals|COMPLETED|2026-08-03T22:47:20|2026-08-03T22:47:27|2026-08-03T22:54:21|00:06:54|1|billing=72,cpu=72,gres/gpu=1,mem=100G,node=1|nid010772|0:0
5896764_12|eval-sweep-finals|COMPLETED|2026-08-03T22:47:20|2026-08-03T22:47:27|2026-08-03T22:55:03|00:07:36|1|billing=72,cpu=72,gres/gpu=1,mem=100G,node=1|nid010783|0:0
5896764_13|eval-sweep-finals|COMPLETED|2026-08-03T22:47:20|2026-08-03T22:47:27|2026-08-03T22:54:38|00:07:11|1|billing=72,cpu=72,gres/gpu=1,mem=100G,node=1|nid011120|0:0
5896764_14|eval-sweep-finals|COMPLETED|2026-08-03T22:47:20|2026-08-03T22:47:27|2026-08-03T22:56:55|00:09:28|1|billing=72,cpu=72,gres/gpu=1,mem=100G,node=1|nid011132|0:0
5896764_24|eval-sweep-finals|COMPLETED|2026-08-03T22:47:20|2026-08-03T22:47:27|2026-08-03T22:54:09|00:06:42|1|billing=72,cpu=72,gres/gpu=1,mem=100G,node=1|nid010173|0:0
5896764_25|eval-sweep-finals|COMPLETED|2026-08-03T22:47:20|2026-08-03T22:47:27|2026-08-03T22:56:44|00:09:17|1|billing=72,cpu=72,gres/gpu=1,mem=100G,node=1|nid010177|0:0
5896915_1|eval-sweep-finals|COMPLETED|2026-08-03T22:58:43|2026-08-03T22:59:10|2026-08-03T23:06:37|00:07:27|1|billing=72,cpu=72,gres/gpu=1,mem=100G,node=1|nid010772|0:0
5896915_8|eval-sweep-finals|COMPLETED|2026-08-03T22:58:43|2026-08-03T22:59:10|2026-08-03T23:08:12|00:09:02|1|billing=72,cpu=72,gres/gpu=1,mem=100G,node=1|nid010783|0:0
5896915_11|eval-sweep-finals|COMPLETED|2026-08-03T22:58:43|2026-08-03T22:59:10|2026-08-03T23:07:16|00:08:06|1|billing=72,cpu=72,gres/gpu=1,mem=100G,node=1|nid010801|0:0
5896915_12|eval-sweep-finals|COMPLETED|2026-08-03T22:58:43|2026-08-03T22:59:10|2026-08-03T23:08:16|00:09:06|1|billing=72,cpu=72,gres/gpu=1,mem=100G,node=1|nid010801|0:0
5896915_13|eval-sweep-finals|COMPLETED|2026-08-03T22:58:43|2026-08-03T22:59:10|2026-08-03T23:06:14|00:07:04|1|billing=72,cpu=72,gres/gpu=1,mem=100G,node=1|nid010836|0:0
5896915_14|eval-sweep-finals|COMPLETED|2026-08-03T22:58:43|2026-08-03T22:59:10|2026-08-03T23:08:59|00:09:49|1|billing=72,cpu=72,gres/gpu=1,mem=100G,node=1|nid010868|0:0
5896915_24|eval-sweep-finals|COMPLETED|2026-08-03T22:58:43|2026-08-03T22:59:10|2026-08-03T23:06:12|00:07:02|1|billing=72,cpu=72,gres/gpu=1,mem=100G,node=1|nid010868|0:0
5896915_25|eval-sweep-finals|COMPLETED|2026-08-03T22:58:43|2026-08-03T22:59:10|2026-08-03T23:09:04|00:09:54|1|billing=72,cpu=72,gres/gpu=1,mem=100G,node=1|nid010868|0:0
5897284_1|eval-sweep-finals|COMPLETED|2026-08-03T23:27:23|2026-08-03T23:27:45|2026-08-03T23:38:16|00:10:31|1|billing=72,cpu=72,gres/gpu=1,mem=100G,node=1|nid010178|0:0
5897284_8|eval-sweep-finals|COMPLETED|2026-08-03T23:27:23|2026-08-03T23:27:45|2026-08-03T23:40:09|00:12:24|1|billing=72,cpu=72,gres/gpu=1,mem=100G,node=1|nid010178|0:0
5897284_11|eval-sweep-finals|COMPLETED|2026-08-03T23:27:23|2026-08-03T23:27:45|2026-08-03T23:36:28|00:08:43|1|billing=72,cpu=72,gres/gpu=1,mem=100G,node=1|nid010178|0:0
5897284_12|eval-sweep-finals|COMPLETED|2026-08-03T23:27:23|2026-08-03T23:27:45|2026-08-03T23:39:16|00:11:31|1|billing=72,cpu=72,gres/gpu=1,mem=100G,node=1|nid010178|0:0
5897284_13|eval-sweep-finals|COMPLETED|2026-08-03T23:27:23|2026-08-03T23:27:45|2026-08-03T23:36:54|00:09:09|1|billing=72,cpu=72,gres/gpu=1,mem=100G,node=1|nid010179|0:0
5897284_14|eval-sweep-finals|COMPLETED|2026-08-03T23:27:23|2026-08-03T23:27:45|2026-08-03T23:39:45|00:12:00|1|billing=72,cpu=72,gres/gpu=1,mem=100G,node=1|nid010179|0:0
5897284_24|eval-sweep-finals|COMPLETED|2026-08-03T23:27:23|2026-08-03T23:27:45|2026-08-03T23:37:25|00:09:40|1|billing=72,cpu=72,gres/gpu=1,mem=100G,node=1|nid010179|0:0
5897284_25|eval-sweep-finals|COMPLETED|2026-08-03T23:27:23|2026-08-03T23:27:45|2026-08-03T23:43:08|00:15:23|1|billing=72,cpu=72,gres/gpu=1,mem=100G,node=1|nid010180|0:0
5897285_9|eval-paper|COMPLETED|2026-08-03T23:27:23|2026-08-03T23:27:45|2026-08-03T23:37:49|00:10:04|1|billing=72,cpu=72,gres/gpu=1,mem=100G,node=1|nid010180|0:0
5897285_10|eval-paper|COMPLETED|2026-08-03T23:27:23|2026-08-03T23:27:45|2026-08-03T23:39:43|00:11:58|1|billing=72,cpu=72,gres/gpu=1,mem=100G,node=1|nid010181|0:0
5897286_9|eval-paper|COMPLETED|2026-08-03T23:27:23|2026-08-03T23:27:45|2026-08-03T23:34:36|00:06:51|1|billing=72,cpu=72,gres/gpu=1,mem=100G,node=1|nid010181|0:0
5897286_10|eval-paper|COMPLETED|2026-08-03T23:27:23|2026-08-03T23:27:45|2026-08-03T23:37:10|00:09:25|1|billing=72,cpu=72,gres/gpu=1,mem=100G,node=1|nid010181|0:0
5897651_28|eval-sweep-finals|COMPLETED|2026-08-03T23:52:52|2026-08-03T23:53:05|2026-08-03T23:58:14|00:05:09|1|billing=72,cpu=72,gres/gpu=1,mem=100G,node=1|nid010079|0:0
5897651_29|eval-sweep-finals|COMPLETED|2026-08-03T23:52:52|2026-08-03T23:53:05|2026-08-03T23:59:19|00:06:14|1|billing=72,cpu=72,gres/gpu=1,mem=100G,node=1|nid010079|0:0
5897651_30|eval-sweep-finals|COMPLETED|2026-08-03T23:52:52|2026-08-03T23:53:05|2026-08-03T23:59:21|00:06:16|1|billing=72,cpu=72,gres/gpu=1,mem=100G,node=1|nid010079|0:0
5897651_31|eval-sweep-finals|COMPLETED|2026-08-03T23:52:52|2026-08-03T23:53:05|2026-08-03T23:58:14|00:05:09|1|billing=72,cpu=72,gres/gpu=1,mem=100G,node=1|nid010079|0:0
5897651_32|eval-sweep-finals|COMPLETED|2026-08-03T23:52:52|2026-08-03T23:53:05|2026-08-03T23:57:47|00:04:42|1|billing=72,cpu=72,gres/gpu=1,mem=100G,node=1|nid010081|0:0
5897652_28|eval-sweep-finals|COMPLETED|2026-08-03T23:52:57|2026-08-03T23:53:05|2026-08-04T00:03:45|00:10:40|1|billing=72,cpu=72,gres/gpu=1,mem=100G,node=1|nid010093|0:0
5897652_29|eval-sweep-finals|COMPLETED|2026-08-03T23:52:57|2026-08-03T23:53:05|2026-08-04T00:07:36|00:14:31|1|billing=72,cpu=72,gres/gpu=1,mem=100G,node=1|nid010100|0:0
5897652_30|eval-sweep-finals|COMPLETED|2026-08-03T23:52:57|2026-08-03T23:53:05|2026-08-04T00:07:46|00:14:41|1|billing=72,cpu=72,gres/gpu=1,mem=100G,node=1|nid010103|0:0
5897652_31|eval-sweep-finals|COMPLETED|2026-08-03T23:52:57|2026-08-03T23:53:05|2026-08-04T00:03:56|00:10:51|1|billing=72,cpu=72,gres/gpu=1,mem=100G,node=1|nid010150|0:0
5897652_32|eval-sweep-finals|COMPLETED|2026-08-03T23:52:57|2026-08-03T23:53:05|2026-08-04T00:03:08|00:10:03|1|billing=72,cpu=72,gres/gpu=1,mem=100G,node=1|nid010173|0:0
5897653_28|eval-sweep-finals|COMPLETED|2026-08-03T23:52:57|2026-08-03T23:53:05|2026-08-03T23:58:44|00:05:39|1|billing=72,cpu=72,gres/gpu=1,mem=100G,node=1|nid010176|0:0
5897653_29|eval-sweep-finals|COMPLETED|2026-08-03T23:52:57|2026-08-03T23:53:05|2026-08-04T00:00:09|00:07:04|1|billing=72,cpu=72,gres/gpu=1,mem=100G,node=1|nid010179|0:0
5897653_30|eval-sweep-finals|COMPLETED|2026-08-03T23:52:57|2026-08-03T23:53:05|2026-08-04T00:00:07|00:07:02|1|billing=72,cpu=72,gres/gpu=1,mem=100G,node=1|nid010179|0:0
5897653_31|eval-sweep-finals|COMPLETED|2026-08-03T23:52:57|2026-08-03T23:53:05|2026-08-03T23:58:49|00:05:44|1|billing=72,cpu=72,gres/gpu=1,mem=100G,node=1|nid010179|0:0
5897653_32|eval-sweep-finals|COMPLETED|2026-08-03T23:52:57|2026-08-03T23:53:05|2026-08-03T23:58:24|00:05:19|1|billing=72,cpu=72,gres/gpu=1,mem=100G,node=1|nid010180|0:0
5897654_28|eval-sweep-finals|COMPLETED|2026-08-03T23:52:57|2026-08-03T23:53:05|2026-08-03T23:59:39|00:06:34|1|billing=72,cpu=72,gres/gpu=1,mem=100G,node=1|nid010180|0:0
5897654_29|eval-sweep-finals|COMPLETED|2026-08-03T23:52:57|2026-08-03T23:53:05|2026-08-04T00:02:26|00:09:21|1|billing=72,cpu=72,gres/gpu=1,mem=100G,node=1|nid010185|0:0
5897654_30|eval-sweep-finals|COMPLETED|2026-08-03T23:52:57|2026-08-03T23:53:05|2026-08-04T00:01:58|00:08:53|1|billing=72,cpu=72,gres/gpu=1,mem=100G,node=1|nid010190|0:0
5897654_31|eval-sweep-finals|COMPLETED|2026-08-03T23:52:57|2026-08-03T23:53:05|2026-08-04T00:00:09|00:07:04|1|billing=72,cpu=72,gres/gpu=1,mem=100G,node=1|nid010190|0:0
5897654_32|eval-sweep-finals|COMPLETED|2026-08-03T23:52:57|2026-08-03T23:53:05|2026-08-04T00:00:00|00:06:55|1|billing=72,cpu=72,gres/gpu=1,mem=100G,node=1|nid010443|0:0
5897776_0|lahis|FAILED|2026-08-03T23:59:03|2026-08-03T23:59:48|2026-08-04T00:00:53|00:01:05|1|billing=72,cpu=72,gres/gpu=1,mem=200G,node=1|nid010079|1:0
5898000_[0-4]|lahis|CANCELLED by 1483807345|2026-08-04T00:26:11|None|2026-08-04T00:47:31|00:00:00|1||None assigned|0:0
5898001_[0-4]|lape|CANCELLED by 1483807345|2026-08-04T00:26:19|None|2026-08-04T00:47:31|00:00:00|1||None assigned|0:0
5898030|dco-1500-qwen|COMPLETED|2026-08-04T00:45:14|2026-08-04T00:52:22|2026-08-04T00:56:58|00:04:36|1|billing=72,cpu=72,gres/gpu=1,mem=100G,node=1|nid011089|0:0
5898031|dco-1500-olmo|COMPLETED|2026-08-04T00:45:23|2026-08-04T00:52:22|2026-08-04T00:56:51|00:04:29|1|billing=72,cpu=72,gres/gpu=1,mem=100G,node=1|nid011090|0:0
5898032|cma-1500-qwen|COMPLETED|2026-08-04T00:45:23|2026-08-04T00:52:22|2026-08-04T02:03:19|01:10:57|1|billing=72,cpu=72,gres/gpu=1,mem=100G,node=1|nid011090|0:0
5898033|cma-1500-olmo|COMPLETED|2026-08-04T00:45:23|2026-08-04T00:52:23|2026-08-04T02:13:15|01:20:52|1|billing=72,cpu=72,gres/gpu=1,mem=100G,node=1|nid011090|0:0
5898034_0|sft-1500|COMPLETED|2026-08-04T00:45:35|2026-08-04T00:52:23|2026-08-04T01:14:46|00:22:23|1|billing=72,cpu=72,gres/gpu=1,mem=100G,node=1|nid011090|0:0
5898034_1|sft-1500|COMPLETED|2026-08-04T00:45:35|2026-08-04T00:52:23|2026-08-04T01:10:33|00:18:10|1|billing=72,cpu=72,gres/gpu=1,mem=100G,node=1|nid011091|0:0
5898045_0|lahis|COMPLETED|2026-08-04T00:47:34|2026-08-04T00:52:23|2026-08-04T01:06:47|00:14:24|1|billing=72,cpu=72,gres/gpu=1,mem=200G,node=1|nid011091|0:0
5898045_1|lahis|COMPLETED|2026-08-04T00:47:34|2026-08-04T00:52:23|2026-08-04T01:06:52|00:14:29|1|billing=72,cpu=72,gres/gpu=1,mem=200G,node=1|nid010452|0:0
5898045_2|lahis|COMPLETED|2026-08-04T00:47:34|2026-08-04T00:52:23|2026-08-04T01:05:53|00:13:30|1|billing=72,cpu=72,gres/gpu=1,mem=200G,node=1|nid010455|0:0
5898045_3|lahis|COMPLETED|2026-08-04T00:47:34|2026-08-04T00:52:23|2026-08-04T01:05:40|00:13:17|1|billing=72,cpu=72,gres/gpu=1,mem=200G,node=1|nid010458|0:0
5898045_4|lahis|COMPLETED|2026-08-04T00:47:34|2026-08-04T00:52:23|2026-08-04T01:08:52|00:16:29|1|billing=72,cpu=72,gres/gpu=1,mem=200G,node=1|nid010460|0:0
5898046_0|lape|COMPLETED|2026-08-04T00:47:34|2026-08-04T00:52:23|2026-08-04T01:10:46|00:18:23|1|billing=72,cpu=72,gres/gpu=1,mem=150G,node=1|nid010452|0:0
5898046_1|lape|COMPLETED|2026-08-04T00:47:34|2026-08-04T00:52:23|2026-08-04T01:11:31|00:19:08|1|billing=72,cpu=72,gres/gpu=1,mem=150G,node=1|nid010460|0:0
5898046_2|lape|COMPLETED|2026-08-04T00:47:34|2026-08-04T00:52:23|2026-08-04T01:11:33|00:19:10|1|billing=72,cpu=72,gres/gpu=1,mem=150G,node=1|nid010461|0:0
5898046_3|lape|COMPLETED|2026-08-04T00:47:34|2026-08-04T00:52:23|2026-08-04T01:10:30|00:18:07|1|billing=72,cpu=72,gres/gpu=1,mem=150G,node=1|nid010461|0:0
5898046_4|lape|FAILED|2026-08-04T00:47:34|2026-08-04T00:52:23|2026-08-04T00:53:14|00:00:51|1|billing=72,cpu=72,gres/gpu=1,mem=150G,node=1|nid010462|1:0
5898426_33|eval-sweep-finals|COMPLETED|2026-08-04T01:17:09|2026-08-04T01:21:27|2026-08-04T01:25:03|00:03:36|1|billing=72,cpu=72,gres/gpu=1,mem=100G,node=1|nid011072|0:0
5898426_34|eval-sweep-finals|COMPLETED|2026-08-04T01:17:09|2026-08-04T01:21:27|2026-08-04T01:26:31|00:05:04|1|billing=72,cpu=72,gres/gpu=1,mem=100G,node=1|nid011072|0:0
5898426_35|eval-sweep-finals|COMPLETED|2026-08-04T01:17:09|2026-08-04T01:21:27|2026-08-04T01:25:08|00:03:41|1|billing=72,cpu=72,gres/gpu=1,mem=100G,node=1|nid011072|0:0
5898426_36|eval-sweep-finals|COMPLETED|2026-08-04T01:17:09|2026-08-04T01:21:27|2026-08-04T01:26:30|00:05:03|1|billing=72,cpu=72,gres/gpu=1,mem=100G,node=1|nid011072|0:0
5898427_33|eval-sweep-finals|COMPLETED|2026-08-04T01:17:09|2026-08-04T01:21:27|2026-08-04T01:31:20|00:09:53|1|billing=72,cpu=72,gres/gpu=1,mem=100G,node=1|nid011073|0:0
5898427_34|eval-sweep-finals|COMPLETED|2026-08-04T01:17:09|2026-08-04T01:21:27|2026-08-04T01:35:53|00:14:26|1|billing=72,cpu=72,gres/gpu=1,mem=100G,node=1|nid011073|0:0
5898427_35|eval-sweep-finals|COMPLETED|2026-08-04T01:17:09|2026-08-04T01:21:27|2026-08-04T01:30:56|00:09:29|1|billing=72,cpu=72,gres/gpu=1,mem=100G,node=1|nid011073|0:0
5898427_36|eval-sweep-finals|COMPLETED|2026-08-04T01:17:09|2026-08-04T01:21:27|2026-08-04T01:34:58|00:13:31|1|billing=72,cpu=72,gres/gpu=1,mem=100G,node=1|nid011073|0:0
5898428_33|eval-sweep-finals|COMPLETED|2026-08-04T01:17:09|2026-08-04T01:21:27|2026-08-04T01:26:08|00:04:41|1|billing=72,cpu=72,gres/gpu=1,mem=100G,node=1|nid011074|0:0
5898428_34|eval-sweep-finals|COMPLETED|2026-08-04T01:17:09|2026-08-04T01:21:27|2026-08-04T01:27:40|00:06:13|1|billing=72,cpu=72,gres/gpu=1,mem=100G,node=1|nid011074|0:0
5898428_35|eval-sweep-finals|COMPLETED|2026-08-04T01:17:09|2026-08-04T01:21:27|2026-08-04T01:26:30|00:05:03|1|billing=72,cpu=72,gres/gpu=1,mem=100G,node=1|nid011074|0:0
5898428_36|eval-sweep-finals|COMPLETED|2026-08-04T01:17:09|2026-08-04T01:21:28|2026-08-04T01:27:43|00:06:15|1|billing=72,cpu=72,gres/gpu=1,mem=100G,node=1|nid011074|0:0
5898429_33|eval-sweep-finals|COMPLETED|2026-08-04T01:17:09|2026-08-04T01:21:28|2026-08-04T01:27:30|00:06:02|1|billing=72,cpu=72,gres/gpu=1,mem=100G,node=1|nid011077|0:0
5898429_34|eval-sweep-finals|COMPLETED|2026-08-04T01:17:09|2026-08-04T01:21:28|2026-08-04T01:29:45|00:08:17|1|billing=72,cpu=72,gres/gpu=1,mem=100G,node=1|nid011077|0:0
5898429_35|eval-sweep-finals|COMPLETED|2026-08-04T01:17:09|2026-08-04T01:21:28|2026-08-04T01:27:18|00:05:50|1|billing=72,cpu=72,gres/gpu=1,mem=100G,node=1|nid011089|0:0
5898429_36|eval-sweep-finals|COMPLETED|2026-08-04T01:17:09|2026-08-04T01:21:28|2026-08-04T01:29:41|00:08:13|1|billing=72,cpu=72,gres/gpu=1,mem=100G,node=1|nid011089|0:0
5898486_4|lape|COMPLETED|2026-08-04T01:28:14|2026-08-04T02:55:47|2026-08-04T03:15:25|00:19:38|1|billing=72,cpu=72,gres/gpu=1,mem=150G,node=1|nid011004|0:0
5898487|merge-qwen-grpo|COMPLETED|2026-08-04T01:28:35|2026-08-04T02:55:47|2026-08-04T02:57:56|00:02:09|1|billing=72,cpu=72,mem=100G,node=1|nid010040|0:0
5898488_0|lape-qwen|COMPLETED|2026-08-04T01:28:45|2026-08-04T02:55:47|2026-08-04T03:12:10|00:16:23|1|billing=72,cpu=72,gres/gpu=1,mem=150G,node=1|nid011005|0:0
5898488_1|lape-qwen|COMPLETED|2026-08-04T01:28:45|2026-08-04T02:55:47|2026-08-04T03:12:06|00:16:19|1|billing=72,cpu=72,gres/gpu=1,mem=150G,node=1|nid011005|0:0
5898488_2|lape-qwen|COMPLETED|2026-08-04T01:28:45|2026-08-04T02:55:47|2026-08-04T03:12:08|00:16:21|1|billing=72,cpu=72,gres/gpu=1,mem=150G,node=1|nid011006|0:0
5898488_3|lape-qwen|COMPLETED|2026-08-04T01:28:45|2026-08-04T02:55:47|2026-08-04T03:12:13|00:16:26|1|billing=72,cpu=72,gres/gpu=1,mem=150G,node=1|nid011006|0:0
5898489_4|lape-qwen|COMPLETED|2026-08-04T01:28:45|2026-08-04T03:07:50|2026-08-04T03:22:29|00:14:39|1|billing=72,cpu=72,gres/gpu=1,mem=150G,node=1|nid010522|0:0
5898501_[0-8]|mexa|CANCELLED by 1483807345|2026-08-04T01:36:30|None|2026-08-04T01:42:58|00:00:00|1||None assigned|0:0
5898531_0|mexa|FAILED|2026-08-04T01:42:58|2026-08-04T02:55:48|2026-08-04T02:56:45|00:00:57|1|billing=72,cpu=72,gres/gpu=1,mem=100G,node=1|nid011077|1:0
5898531_1|mexa|FAILED|2026-08-04T01:42:58|2026-08-04T02:55:48|2026-08-04T02:56:44|00:00:56|1|billing=72,cpu=72,gres/gpu=1,mem=100G,node=1|nid011077|1:0
5898531_2|mexa|FAILED|2026-08-04T01:42:58|2026-08-04T02:55:48|2026-08-04T02:56:44|00:00:56|1|billing=72,cpu=72,gres/gpu=1,mem=100G,node=1|nid011077|1:0
5898531_3|mexa|FAILED|2026-08-04T01:42:58|2026-08-04T02:55:48|2026-08-04T02:57:44|00:01:56|1|billing=72,cpu=72,gres/gpu=1,mem=100G,node=1|nid011089|1:0
5898531_4|mexa|FAILED|2026-08-04T01:42:58|2026-08-04T02:55:48|2026-08-04T02:57:45|00:01:57|1|billing=72,cpu=72,gres/gpu=1,mem=100G,node=1|nid011089|1:0
5898531_5|mexa|FAILED|2026-08-04T01:42:58|2026-08-04T02:55:48|2026-08-04T02:56:58|00:01:10|1|billing=72,cpu=72,gres/gpu=1,mem=100G,node=1|nid011091|1:0
5898531_6|mexa|FAILED|2026-08-04T01:42:58|2026-08-04T02:55:48|2026-08-04T02:56:58|00:01:10|1|billing=72,cpu=72,gres/gpu=1,mem=100G,node=1|nid011091|1:0
5898531_7|mexa|FAILED|2026-08-04T01:42:58|2026-08-04T02:55:48|2026-08-04T02:56:58|00:01:10|1|billing=72,cpu=72,gres/gpu=1,mem=100G,node=1|nid011091|1:0
5898531_8|mexa|FAILED|2026-08-04T01:42:58|2026-08-04T02:55:48|2026-08-04T02:57:01|00:01:13|1|billing=72,cpu=72,gres/gpu=1,mem=100G,node=1|nid011099|1:0
5898532_9|mexa|FAILED|2026-08-04T01:42:58|2026-08-04T03:07:50|2026-08-04T03:09:12|00:01:22|1|billing=72,cpu=72,gres/gpu=1,mem=100G,node=1|nid010547|1:0
5898602_37|eval-sweep-finals|COMPLETED|2026-08-04T02:20:38|2026-08-04T03:08:05|2026-08-04T03:14:25|00:06:20|1|billing=72,cpu=72,gres/gpu=1,mem=100G,node=1|nid011073|0:0
5898603_37|eval-sweep-finals|COMPLETED|2026-08-04T02:20:39|2026-08-04T03:08:06|2026-08-04T03:23:40|00:15:34|1|billing=72,cpu=72,gres/gpu=1,mem=100G,node=1|nid011073|0:0
5898604_37|eval-sweep-finals|COMPLETED|2026-08-04T02:20:39|2026-08-04T03:08:06|2026-08-04T03:15:50|00:07:44|1|billing=72,cpu=72,gres/gpu=1,mem=100G,node=1|nid011073|0:0
5898605_37|eval-sweep-finals|COMPLETED|2026-08-04T02:20:39|2026-08-04T03:08:06|2026-08-04T03:17:51|00:09:45|1|billing=72,cpu=72,gres/gpu=1,mem=100G,node=1|nid011073|0:0
5898609_38|eval-sweep-finals|COMPLETED|2026-08-04T02:26:14|2026-08-04T03:08:06|2026-08-04T03:11:58|00:03:52|1|billing=72,cpu=72,gres/gpu=1,mem=100G,node=1|nid011074|0:0
5898609_39|eval-sweep-finals|COMPLETED|2026-08-04T02:26:14|2026-08-04T03:08:06|2026-08-04T03:13:11|00:05:05|1|billing=72,cpu=72,gres/gpu=1,mem=100G,node=1|nid011074|0:0
5898610_38|eval-sweep-finals|COMPLETED|2026-08-04T02:26:14|2026-08-04T03:08:06|2026-08-04T03:18:30|00:10:24|1|billing=72,cpu=72,gres/gpu=1,mem=100G,node=1|nid011074|0:0
5898610_39|eval-sweep-finals|COMPLETED|2026-08-04T02:26:14|2026-08-04T03:08:06|2026-08-04T03:22:28|00:14:22|1|billing=72,cpu=72,gres/gpu=1,mem=100G,node=1|nid011074|0:0
5898611_38|eval-sweep-finals|COMPLETED|2026-08-04T02:26:14|2026-08-04T03:08:06|2026-08-04T03:12:35|00:04:29|1|billing=72,cpu=72,gres/gpu=1,mem=100G,node=1|nid011077|0:0
5898611_39|eval-sweep-finals|COMPLETED|2026-08-04T02:26:14|2026-08-04T03:08:06|2026-08-04T03:14:05|00:05:59|1|billing=72,cpu=72,gres/gpu=1,mem=100G,node=1|nid011077|0:0
5898612_38|eval-sweep-finals|COMPLETED|2026-08-04T02:26:14|2026-08-04T03:08:06|2026-08-04T03:13:47|00:05:41|1|billing=72,cpu=72,gres/gpu=1,mem=100G,node=1|nid011077|0:0
5898612_39|eval-sweep-finals|COMPLETED|2026-08-04T02:26:14|2026-08-04T03:08:06|2026-08-04T03:16:47|00:08:41|1|billing=72,cpu=72,gres/gpu=1,mem=100G,node=1|nid011080|0:0
5902512_0|mexa|CANCELLED by 1483807345|2026-08-04T08:46:48|2026-08-04T08:48:31|2026-08-04T08:58:31|00:10:00|1|billing=72,cpu=72,gres/gpu=1,mem=100G,node=1|nid010101|0:0
5902512_1|mexa|CANCELLED by 1483807345|2026-08-04T08:46:48|2026-08-04T08:48:31|2026-08-04T08:58:31|00:10:00|1|billing=72,cpu=72,gres/gpu=1,mem=100G,node=1|nid010106|0:0
5902512_2|mexa|CANCELLED by 1483807345|2026-08-04T08:46:48|2026-08-04T08:48:31|2026-08-04T08:58:31|00:10:00|1|billing=72,cpu=72,gres/gpu=1,mem=100G,node=1|nid010108|0:0
5902512_3|mexa|CANCELLED by 1483807345|2026-08-04T08:46:48|2026-08-04T08:48:31|2026-08-04T08:58:31|00:10:00|1|billing=72,cpu=72,gres/gpu=1,mem=100G,node=1|nid010108|0:0
5902512_4|mexa|CANCELLED by 1483807345|2026-08-04T08:46:48|2026-08-04T08:48:31|2026-08-04T08:54:50|00:06:19|1|billing=72,cpu=72,gres/gpu=1,mem=100G,node=1|nid010447|0:0
5902512_5|mexa|CANCELLED by 1483807345|2026-08-04T08:46:48|2026-08-04T08:48:31|2026-08-04T08:58:31|00:10:00|1|billing=72,cpu=72,gres/gpu=1,mem=100G,node=1|nid010452|0:0
5902512_6|mexa|CANCELLED by 1483807345|2026-08-04T08:46:48|2026-08-04T08:48:31|2026-08-04T08:58:31|00:10:00|1|billing=72,cpu=72,gres/gpu=1,mem=100G,node=1|nid010452|0:0
5902512_7|mexa|CANCELLED by 1483807345|2026-08-04T08:46:48|2026-08-04T08:48:31|2026-08-04T08:58:31|00:10:00|1|billing=72,cpu=72,gres/gpu=1,mem=100G,node=1|nid010452|0:0
5902512_8|mexa|COMPLETED|2026-08-04T08:46:48|2026-08-04T08:48:31|2026-08-04T08:58:10|00:09:39|1|billing=72,cpu=72,gres/gpu=1,mem=100G,node=1|nid010453|0:0
5902512_9|mexa|COMPLETED|2026-08-04T08:46:48|2026-08-04T08:48:31|2026-08-04T08:58:12|00:09:41|1|billing=72,cpu=72,gres/gpu=1,mem=100G,node=1|nid010453|0:0
5902628_40|eval-sweep-finals|COMPLETED|2026-08-04T08:49:31|2026-08-04T08:55:57|2026-08-04T09:00:24|00:04:27|1|billing=72,cpu=72,gres/gpu=1,mem=100G,node=1|nid010447|0:0
5902628_41|eval-sweep-finals|COMPLETED|2026-08-04T08:49:31|2026-08-04T08:55:57|2026-08-04T09:00:26|00:04:29|1|billing=72,cpu=72,gres/gpu=1,mem=100G,node=1|nid010453|0:0
5902628_42|eval-sweep-finals|COMPLETED|2026-08-04T08:49:31|2026-08-04T08:55:58|2026-08-04T09:00:49|00:04:51|1|billing=72,cpu=72,gres/gpu=1,mem=100G,node=1|nid010462|0:0
5902628_43|eval-sweep-finals|COMPLETED|2026-08-04T08:49:31|2026-08-04T08:55:58|2026-08-04T09:01:57|00:05:59|1|billing=72,cpu=72,gres/gpu=1,mem=100G,node=1|nid010462|0:0
5902628_44|eval-sweep-finals|COMPLETED|2026-08-04T08:49:31|2026-08-04T08:55:58|2026-08-04T09:01:54|00:05:56|1|billing=72,cpu=72,gres/gpu=1,mem=100G,node=1|nid010462|0:0
5902629_40|eval-sweep-finals|COMPLETED|2026-08-04T08:49:31|2026-08-04T08:55:58|2026-08-04T09:05:56|00:09:58|1|billing=72,cpu=72,gres/gpu=1,mem=100G,node=1|nid010464|0:0
5902629_41|eval-sweep-finals|COMPLETED|2026-08-04T08:49:31|2026-08-04T08:55:58|2026-08-04T09:07:26|00:11:28|1|billing=72,cpu=72,gres/gpu=1,mem=100G,node=1|nid010464|0:0
5902629_42|eval-sweep-finals|COMPLETED|2026-08-04T08:49:31|2026-08-04T08:55:58|2026-08-04T09:07:11|00:11:13|1|billing=72,cpu=72,gres/gpu=1,mem=100G,node=1|nid010464|0:0
5902629_43|eval-sweep-finals|COMPLETED|2026-08-04T08:49:31|2026-08-04T08:55:58|2026-08-04T09:12:43|00:16:45|1|billing=72,cpu=72,gres/gpu=1,mem=100G,node=1|nid010465|0:0
5902629_44|eval-sweep-finals|COMPLETED|2026-08-04T08:49:31|2026-08-04T08:55:58|2026-08-04T09:12:04|00:16:06|1|billing=72,cpu=72,gres/gpu=1,mem=100G,node=1|nid010465|0:0
5902630_40|eval-sweep-finals|COMPLETED|2026-08-04T08:49:31|2026-08-04T08:55:58|2026-08-04T09:01:57|00:05:59|1|billing=72,cpu=72,gres/gpu=1,mem=100G,node=1|nid010465|0:0
5902630_41|eval-sweep-finals|COMPLETED|2026-08-04T08:49:31|2026-08-04T08:55:58|2026-08-04T09:02:09|00:06:11|1|billing=72,cpu=72,gres/gpu=1,mem=100G,node=1|nid010466|0:0
5902630_42|eval-sweep-finals|COMPLETED|2026-08-04T08:49:31|2026-08-04T08:55:58|2026-08-04T09:02:12|00:06:14|1|billing=72,cpu=72,gres/gpu=1,mem=100G,node=1|nid010466|0:0
5902630_43|eval-sweep-finals|COMPLETED|2026-08-04T08:49:31|2026-08-04T08:55:58|2026-08-04T09:03:45|00:07:47|1|billing=72,cpu=72,gres/gpu=1,mem=100G,node=1|nid010466|0:0
5902630_44|eval-sweep-finals|OUT_OF_MEMORY|2026-08-04T08:49:31|2026-08-04T08:55:58|2026-08-04T08:57:40|00:01:42|1|billing=72,cpu=72,gres/gpu=1,mem=100G,node=1|nid010469|0:125
5902631_40|eval-sweep-finals|COMPLETED|2026-08-04T08:49:31|2026-08-04T08:55:58|2026-08-04T09:03:15|00:07:17|1|billing=72,cpu=72,gres/gpu=1,mem=100G,node=1|nid010469|0:0
5902631_41|eval-sweep-finals|COMPLETED|2026-08-04T08:49:31|2026-08-04T08:55:58|2026-08-04T09:03:17|00:07:19|1|billing=72,cpu=72,gres/gpu=1,mem=100G,node=1|nid010469|0:0
5902631_42|eval-sweep-finals|COMPLETED|2026-08-04T08:49:31|2026-08-04T08:55:58|2026-08-04T09:03:19|00:07:21|1|billing=72,cpu=72,gres/gpu=1,mem=100G,node=1|nid010470|0:0
5902631_43|eval-sweep-finals|COMPLETED|2026-08-04T08:49:31|2026-08-04T08:55:58|2026-08-04T09:05:37|00:09:39|1|billing=72,cpu=72,gres/gpu=1,mem=100G,node=1|nid010470|0:0
5902631_44|eval-sweep-finals|COMPLETED|2026-08-04T08:49:31|2026-08-04T08:55:58|2026-08-04T09:05:41|00:09:43|1|billing=72,cpu=72,gres/gpu=1,mem=100G,node=1|nid010470|0:0
5902671_4|lape|COMPLETED|2026-08-04T08:54:25|2026-08-04T08:57:15|2026-08-04T09:15:23|00:18:08|1|billing=72,cpu=72,gres/gpu=1,mem=150G,node=1|nid010478|0:0
5902677_4|mexa|CANCELLED by 1483807345|2026-08-04T08:54:52|2026-08-04T08:57:15|2026-08-04T08:58:31|00:01:16|1|billing=72,cpu=72,gres/gpu=1,mem=100G,node=1|nid010486|0:0
5902877_0|mexa|COMPLETED|2026-08-04T08:58:55|2026-08-04T09:08:58|2026-08-04T09:11:50|00:02:52|1|billing=72,cpu=72,gres/gpu=1,mem=100G,node=1|nid010291|0:0
5902877_1|mexa|COMPLETED|2026-08-04T08:58:55|2026-08-04T09:08:59|2026-08-04T09:11:50|00:02:51|1|billing=72,cpu=72,gres/gpu=1,mem=100G,node=1|nid010304|0:0
5902877_2|mexa|COMPLETED|2026-08-04T08:58:55|2026-08-04T09:08:59|2026-08-04T09:11:50|00:02:51|1|billing=72,cpu=72,gres/gpu=1,mem=100G,node=1|nid010306|0:0
5902877_3|mexa|COMPLETED|2026-08-04T08:58:55|2026-08-04T09:08:59|2026-08-04T09:11:50|00:02:51|1|billing=72,cpu=72,gres/gpu=1,mem=100G,node=1|nid010306|0:0
5902877_4|mexa|COMPLETED|2026-08-04T08:58:55|2026-08-04T09:08:59|2026-08-04T09:11:50|00:02:51|1|billing=72,cpu=72,gres/gpu=1,mem=100G,node=1|nid010306|0:0
5902877_5|mexa|COMPLETED|2026-08-04T08:58:55|2026-08-04T09:08:59|2026-08-04T09:11:22|00:02:23|1|billing=72,cpu=72,gres/gpu=1,mem=100G,node=1|nid010307|0:0
5902877_6|mexa|COMPLETED|2026-08-04T08:58:55|2026-08-04T09:08:59|2026-08-04T09:11:21|00:02:22|1|billing=72,cpu=72,gres/gpu=1,mem=100G,node=1|nid010307|0:0
5902877_7|mexa|COMPLETED|2026-08-04T08:58:55|2026-08-04T09:08:59|2026-08-04T09:11:06|00:02:07|1|billing=72,cpu=72,gres/gpu=1,mem=100G,node=1|nid010311|0:0
5902892_0|olmo-10k-fin|CANCELLED by 1483807345|2026-08-04T09:02:47|2026-08-04T09:09:00|2026-08-04T12:39:36|03:30:36|1|billing=72,cpu=72,gres/gpu=1,mem=100G,node=1|nid010319|0:0
5902892_1|olmo-10k-fin|COMPLETED|2026-08-04T09:02:47|2026-08-04T09:09:00|2026-08-04T11:50:22|02:41:22|1|billing=72,cpu=72,gres/gpu=1,mem=100G,node=1|nid010319|0:0
5903216_5|lape|COMPLETED|2026-08-04T09:31:29|2026-08-04T10:03:25|2026-08-04T10:21:30|00:18:05|1|billing=72,cpu=72,gres/gpu=1,mem=150G,node=1|nid010452|0:0
5903217_[5]|mexa|CANCELLED by 1483807345|2026-08-04T09:31:29|None|2026-08-04T09:31:42|00:00:00|1||None assigned|0:0
5903221_10|mexa|COMPLETED|2026-08-04T09:31:54|2026-08-04T10:03:25|2026-08-04T10:05:58|00:02:33|1|billing=72,cpu=72,gres/gpu=1,mem=100G,node=1|nid010453|0:0
